,Title,SoldPrice,SoldDate,ListingLink
4,Dell Optiplex 7010 intel i5-3470 @ 3.20GHZ 8GB DDR3 RAM 500GB HDD Win 11 Office,38.0,21 Oct 2022,https://www.ebay.co.uk/itm/354339643813?hash=item528049e1a5%3Ag%3AKXYAAOSwJX5jOwwL&amdata=enc%3AAQAHAAAA0GEYTv352nTrP7VF9h6SHSJQpyAnd2WjR0o933IqmwsXly7zD7u3l18QuBxkOIMyrvMzNrhI2Ywp8mgfY8rzDsl2eXrBxojrhCctUbiQNDcUA3RkDVvqLSkzBApHFM%2FFy21gk3CcobAHSeh6o1O4A1HXKPgLatGb9J6llKlG2bLine34Af%2FuNxhVLWDuRXPL79TNHtza2lbiUqlypYpPNZYrnjYwUa5Va0R49qX4aNzb2TIzjjOUdt5IBMUfdq6UPy79JRSKNVUdgr3vuLnffwI%3D%7Ctkp%3ABk9SR_bm34O4YQ&LH_BIN=1&LH_ItemCondition=3000%7C3000
58,"HP prodesk 600 g1 sff 3.30 Ghz Intel Core i5-4590 4GB Ram, 1TB HDD, NO OS Instal",39.99,15 Nov 2022,https://www.ebay.co.uk/itm/255810490300?hash=item3b8f7e4fbc%3Ag%3AxgkAAOSwMARjZSoA&amdata=enc%3AAQAHAAAA0BZHptn8UOzDldN6vIZw%2BAFSbfSouJiuG1NLb8gdNqP7y%2BvGY6Ug%2Bj0j%2BGLKDeathW4Ai8H4nGBHDg0seJyVfN7EEawiFxi1AQa86UMHenRjT21%2BO6vG2zePDRmPuqhezTDsPVnhTKH%2FRG0qeGRBGWVciIgtI1fo2%2BdUmsyXarZmdZ1p0ZoW9QZ%2F3xXFX0xsgRJfzKqkVhuwF9o9C3BY8oBWLwFuE%2BPPxzP7LYmBQS%2FJVhUpbN29MJRdg70m%2BCk8MF0uvRNtujOpMtrtcJch9Bw%3D%7Ctkp%3ABk9SR_7m34O4YQ&LH_BIN=1&LH_ItemCondition=3000%7C3000
22,HP Pro 3300 Series SFF Computer Intel Core i3 CPU 8GB RAM 128GB SSD Win11 B,39.99,29 Nov 2022,https://www.ebay.co.uk/itm/155205688752?hash=item2422faddb0%3Ag%3ANisAAOSwX35jbNR2&amdata=enc%3AAQAHAAAA0GAe%2FKqywg7J702G0a%2FQiWdEB6VATRE1SKQdQ%2F1Z%2Fil%2FjZnKVUB1r0lVgme1fsL8%2B47vqRVeTbjMuyJBYgdNxznZG%2BxgKoTR%2BGZSTO1KHDnRlCmvDTbOzwtyWTYEo00hUS7grbI3Ig9gx24%2B62Je8hS5XCaEbvV19umYZRlpAj%2Bfl8QtEbRaaivieOciST%2B7WvCchGvrTYTc1fM8g4j6vaMiUPBoGsBf0HNWojNp8zWk0X4zxdSYRFbETNBtIgCPZTuJ2G7%2BSK%2FFGtzKYT6vuso%3D%7Ctkp%3ABk9SR_jm34O4YQ&LH_BIN=1&LH_ItemCondition=3000%7C3000
46,"HP Compaq 6200 Pro MT PC 3.10 Ghz Intel Core i5-2400 4GB Ram, NO HDD",39.99,23 Nov 2022,https://www.ebay.co.uk/itm/255824088845?hash=item3b904dcf0d%3Ag%3AAaQAAOSwia5h4ZVi&amdata=enc%3AAQAHAAAA0K1x3OsQqMlmJJtzv1qUXmIjWE%2F8t6itSS2vTrz%2BN%2FJ6VajengTbgGPqmw6032Zkzl5U8xf38x4onAv7lI3wytM9gnDO3jZv1kRiNBHbkXkwklm76qmVLJ9xkpNL6uqAPhObC1x7OA%2FiQzW1%2Ftlq0nDOOtgDJ%2F7S4XG3thmNikskZgXbwmEsmtOqitG9xlYZIyJRmfwu4sX7qAzlsz1KP%2FVS0nblyRvRj7Wq8Q%2FQFH1P9mEHGkKhVRPs0GTojY3jyYjPPzPiOVhVrhkVWJm%2BLGs%3D%7Ctkp%3ABk9SR_zm34O4YQ&LH_BIN=1&LH_ItemCondition=3000%7C3000
23,Dell Optiplex 7010 intel i5-3470 @ 3.20GHZ 8GB DDR3 RAM 500GB HDD Win 10 PC3,39.99,15 Jan 2023,https://www.ebay.co.uk/itm/175466530233?hash=item28da9ec5b9%3Ag%3Aa6gAAOSwWUtjIEFF&amdata=enc%3AAQAHAAAA0CtoyAIWeCOkuLNnlljtUkVlnR2gfMtZWr6trvJULtyc5QqmV9uAEoeABHG9NEeJBuxtBVCNkACKgd2KS8P%2Fayd7jln0%2Fm0Z97Yxvi7BmMAZ9Ahx7DnwkKanhx0477PUaFs6veA2g%2Fmv3qzRkI%2BBGQeDE%2Ft3gFtfzgx2UZL9T3Jq1v6G%2Bolyfqe32uAmiRZH4engDI5SN9GczFRM43Go6LTdNkDyutuxtoW2CtUIqC3JMyttHl7x43MzBQYaLG%2FrpRo1ipveUUE7g2Bik3gi8H0%3D%7Ctkp%3ABk9SR_jm34O4YQ&LH_BIN=1&LH_ItemCondition=3000%7C3000
37,"ERGO desktop Tower, i5-3470 CPU @ 3.20GHz, 4GB RAM, 500GB HDD, Win 10 Pro",39.99,16 Jan 2023,https://www.ebay.co.uk/itm/204007554385?hash=item2f7fcc3d51%3Ag%3AyEUAAOSw4MlitzHV&amdata=enc%3AAQAHAAAA0GS8Fr3L1DUSv5B7ALL0r9kF8OMEyEQucTbKEyKfKrl6M3tShgNaQTYkZ1gUBYuF0uomybVfEAIRmIix4UYSyyGg0jjJwsOzRN2Xohs52yRgaMV%2FyivePBRIJ8K5hxexpCSHx%2F2CbGyBsRba7375ZNuQ9yX3eVoVB0%2BCj7DnNoWs03q3weNn7hd6GdduCmE%2FfHSYX%2BFy9vNJ4ZssHyujJ6CqaZBx8ALlDAPsZHUoDzia1wCgS07x4zeq60PDaj3B5Em%2FQQZojy4YkRkZWT0mIaI%3D%7Ctkp%3ABk9SR_rm34O4YQ&LH_BIN=1&LH_ItemCondition=3000%7C3000
17,HP Compaq 8300 USDT Intel Core i3/5 3rd Gen. Custom RAM & Storage Windows 10 ProCharity item,39.99,6 Jan 2023,https://www.ebay.co.uk/itm/325399318434?hash=item4bc34f8fa2%3Ag%3AMjEAAOSwvpNjWSsF&amdata=enc%3AAQAHAAABEP9sXNgCbuwCkUchcVYiGt75kzGBQIrAEv%2BmIhEu3LGJ26EHiBc5wHHdaqYIN6gEqbX9MXzL2AByiYttxmTlCxpaVQOxVtIWbnjyZ2qY8AzYRjmXg%2Bctp%2FrmRqPaF8cxDUfiRNNpA7tCCY2KuAWo%2FifaceIJah79voyECnP5kZQwcYyiGeV0iz8q98VSaKEYMisKc30uG7ofcEHXKxuKV69moi9s9occehb5MlWZMJhlhHqTRdYR%2FNPW0iiLXVSwiWAtpEAGAFSZ3GatHZ1bX751TeAOZ4AwJcer9GaQ80s%2FFvRS6TkkFQkvk%2B%2BTFAwRPpk8rlgRfSPs7sFTyPMh7Smc49f1EWOTADkUh09Njl%2Ba%7Ctkp%3ABk9SR_jm34O4YQ&LH_BIN=1&LH_ItemCondition=3000%7C3000
21,HP Compaq Pro 4300 SFF Intel Core i3 CPU 8GB RAM 1TB HDD Win10,40.0,18 Nov 2022,https://www.ebay.co.uk/itm/144803302711?hash=item21b6f30d37%3Ag%3ApgUAAOSwxA5ja9pq&amdata=enc%3AAQAHAAAA0EHhjzzMdpW%2BQC4HoJGB73oV40mQasYG89DmlR%2B%2BFF%2BVopdexQ41F9kP7SkUNH4yKhQ5KNHT%2BA6G1JhlMkuDVngEZA8hrpYSEYj41EhhNph%2F3JUn4JtDJea%2FCa51Rs1ov7jkVK94Hly2Z5m%2FM%2FhtEmRTCt2WqwY5Y86hqJcnhw6pS08YicYZiI2P6osT%2FZJEdPYsNefrA8ICCpq5yx0kGoiUznrffEzS0lI3LhCE4VzKfhjyiJCufXFbvDgMbca5yaQTRD%2FduRNLlA6Wnuml234%3D%7Ctkp%3ABk9SR_jm34O4YQ&LH_BIN=1&LH_ItemCondition=3000%7C3000
35,"Dell Optiplex 7010, Win 10 Pro, Intel Core i5-3470, 8GB DDR3 RAM, 240GB HDD",40.0,10 Jan 2023,https://www.ebay.co.uk/itm/125711358519?epid=219513849&hash=item1d44fb1a37%3Ag%3A3HYAAOSwZq9jvXGO&amdata=enc%3AAQAHAAAA0LDwAqiYiFJEpz8gp7UJdrcPWIUZ%2Bz65g7k8%2BNbxaz4EtyS0JBLlFQZn1OHjcTSA2N%2FeGGBNFEbVNrcGFsbgcVu4koXRiwsGxA5A46HkeCtIZgEIkJR%2BKG%2BkeDdP6r12AmZR57ViSuouU9CmlifWfe%2BIc%2BTLKRDGAKu5aeAG0ySNUMuI2ilsPoCe5Pby3ItlJTnlkBy1346P8G3FwvFlXItRZqYYlB7D1sgcR3Ivb5E6yjBC0HrxjdrHg4cC8lmxck3MDM8c15ZpAGDKboNiGHc%3D%7Ctkp%3ABk9SR_rm34O4YQ&LH_BIN=1&LH_ItemCondition=3000%7C3000
18,HP Compaq Elite 8300 SFF Intel i5 3470 3.20GHz 8GB RAM 500GB HDD Win 10,42.99,12 Jan 2023,https://www.ebay.co.uk/itm/234844959875?hash=item36add9b483%3Ag%3ANFQAAOSwuBBjs4z1&amdata=enc%3AAQAHAAAA0A5ois4WN5QyqgZdBGyKJcPoZklD0N2QRwJGILWpkJOpLarWBVgOkWZVbjBgC9%2BnXp2OHcXtioNZBGpbnT1LAReyVrdFOT09g009tpfTY35FkF0jQ051wnEgBNtIc4w5f4MK1xB0JqFrCpDoBVtINDI%2FFs8kd4li%2FfOzFZ7yqcvlu379PsrBfRkgnlZxSz%2FgtyQzxR9COvGlYi%2FHJL9SXxpC7XCYt4Z1KtyzHntYPTTkRRx%2BTzEuaNKER%2FtwXZ%2B2WFwiX1K4FWMHIr8rbM8xGE8%3D%7Ctkp%3ABk9SR_jm34O4YQ&LH_BIN=1&LH_ItemCondition=3000%7C3000
48,"Dell Optiplex 7010 (230GB HDD, Intel Core i5-3470, 3.20GHz, 8GB)",44.99,19 Dec 2022,https://www.ebay.co.uk/itm/134372440484?hash=item1f4938b9a4%3Ag%3A1OsAAOSwXuRjnzii&amdata=enc%3AAQAHAAAA0I%2BOjYRURrM1Y6f%2F3Miq9NmP3tVQQOi1hxv5hV4WrqFKE34vfq6GLp%2BcgShIujozFxWiCUkjEQOoA96eT%2BMPh6QwN3xiL91bbc2L92oUE5H693ajcPWbXUF8ltPGwhDOpoI7KvmqH3NdgFHSxzmepMxB7ExOEnpW3Hi7P1HulSZ5c85Wx8eqf2d9bppzD4SK3NoJYjSqjA6xVHU4fLeA92CVgTPl1aycjYGQScY6XbWhKdWFKQ3%2FWXm1PjyPoIShmBZDswmtZ9DjEhGyNDjc4S8%3D%7Ctkp%3ABk9SR_zm34O4YQ&LH_BIN=1&LH_ItemCondition=3000%7C3000
53,"HP elitedesk 800 g2 sff 3.20 Ghz Intel Core i5-6500 16GB Ram, No HDD",44.99,14 Nov 2022,https://www.ebay.co.uk/itm/255822378679?hash=item3b9033b6b7%3Ag%3Asv0AAOSw-WpjblZP&amdata=enc%3AAQAHAAAA0OjmwTuuQMemDLSsTV%2Fte1inNQRr02UEHPXuG732gww6rKmvn0g%2Fu35seqi6R0Knm7EIQuXt0n9Ek7MO7B7RnpyoeiDJOv6cN4Vm8fiAMcPbq5jBgg5z3tgKzHGGQ2wJOZHXW5%2BfasUsjCke6eaqO4lbvuqrQu1jTnOkSZcNVeXleG6GwB1xhiXUK2NiZg9ToGoaVZFaKe7gfcSiEDym13PHORGpJ%2BChPRVIKFPB5AFyadE6IKIETDQ89Y8U9bF6U3DnjtSJ2Ffp4VoLy%2F89lHc%3D%7Ctkp%3ABk9SR_zm34O4YQ&LH_BIN=1&LH_ItemCondition=3000%7C3000
45,HP Elite 8300 SFF PC Intel i5-3470 3.20GHz 8GB RAM 500GB SATA Hard Drive Win 10,45.0,18 Nov 2022,https://www.ebay.co.uk/itm/165778481530?hash=item26992ae17a%3Ag%3AkmEAAOSw849jcp%7Ew&amdata=enc%3AAQAHAAAA0K%2FaHhq9ZGindHsEWjDhm47Ju2f%2BtiLc0NL4T%2BCtfJHnme5496dfwCANuacllu9icyGl1jG%2F7b4%2Fs7fCuaduDeG8lhng8Gr%2BA%2FaepEQrgDaIqZw88mRUvfE8vcAvNoGVQdZvXlAxJilKydtLa5Vcyjq%2BxLLSUi0R67DNk3m2JYKffjqzDS22voxdwVw7fCeQKh0xv3LH3KaqxazkcXAG7%2Bxf4a9MAJdX9X%2BAHQc6tOQ2RjoRfDsqOnDR7gg%2BRKnKcfyLWkwSYhHxvW%2BlxKCyyIc%3D%7Ctkp%3ABk9SR_zm34O4YQ&LH_BIN=1&LH_ItemCondition=3000%7C3000
25,HP PRO 3500 SERIES MT INTEL i5 2400 @ 3.1GHZ 8GB RAM 500GB HDD Win 10,49.99,18 Nov 2022,https://www.ebay.co.uk/itm/304706667406?hash=item46f1eec38e%3Ag%3AGWsAAOSwQo1i5V-j&amdata=enc%3AAQAHAAAA0J8nol73uHBj3eXACK0GjN8aVjwW%2FVHDtNSznWD3HX%2FRHX3mSzhoMSpjp758nqnmIOgLNU0wLIQSasnqYPjPaWA%2BV6zb%2BHmrUxQ3MSCA7qD3fR61kK7XiI4YQ7YDbco7nOZL4W%2BzJ6qJZM8sxBSolRo%2FDYV5Fd7ZyMp6CMFrSlvqE%2BhogVTW7C8QJ5garkPUQEO%2Fw9Ab63hzMtX1zl0%2BVR6flLFrv110z5PJOmNgHBnpoehnzPmT9QJDYJPHZVgJcj2W9eHkQ5da1aKee4de5zk%3D%7Ctkp%3ABk9SR_jm34O4YQ&LH_BIN=1&LH_ItemCondition=3000%7C3000
43,HP Elite 8300 SFF PC Intel i5-3470 3.20GHz 8GB RAM 1TB SATA Hard Drive Win 10,50.0,21 Nov 2022,https://www.ebay.co.uk/itm/165778402211?hash=item269929aba3%3Ag%3AdD8AAOSwzGFjcpU6&amdata=enc%3AAQAHAAAA0LqsvCamqhEruIaN1zEweAcEbEGWJNEZwV%2Bf%2FnlVi5CIZ%2F%2FZkVCL1xKsOPTInUhz%2BqcJhrio3SJz0XisXVzbBir9k7sNem3mZ5MQgc2soF%2BxWlq%2BB9UBx7bFDSE9Gtm%2BXOKkEZNHrrkTtq%2F510fJTVsLraA%2Fc4263yUhSjSmM28pPp%2ByGhH3Q66z%2Ff9def0YIh5PtKIPH283w1UhFz8ZaXbQncpWoO3qzQJoZY%2FYk4fg6MPctpiZ%2FDYlzdFaZ%2BNzSGMsK4j2cDZHxwgHOlKBlGw%3D%7Ctkp%3ABk9SR_zm34O4YQ&LH_BIN=1&LH_ItemCondition=3000%7C3000
26,"HP Elitedesk 800 G2 SSF  Intel-core  i5 -6600 CPU @ 3.30GHz ,8 GB Memory NO HDD.",55.0,29 Dec 2022,https://www.ebay.co.uk/itm/204163061236?hash=item2f891115f4%3Ag%3AQBMAAOSwyytjf6ZG&amdata=enc%3AAQAHAAAA0EquYWuN%2Bh8e5oGMJvYRFrjpExTM7hqnlj3NdZuRz17yiyNG%2BnPLcJWAAUOjZ76tsHGy4DG6gG1%2BsC25cNidIAKmGtc9lcnDlFp6XWr6yd5TlADA1RAUrG4LiqrHQFjf0ilOVlUee0jRhBNUtxAJ8LgwivXmTEgX55XatLMEpKNK3s58EH4VK4fN6lA2LkCrqR4PMtA6T6B5BaaMDNDDMANd1eO5CuZupP5akUHKTP4PU84BXunWFLJlDQ6ewg9D%2BImOU59PpIPYmt9aMedpQsA%3D%7Ctkp%3ABk9SR_rm34O4YQ&LH_BIN=1&LH_ItemCondition=3000%7C3000
60,"HP Elitedesk 800 G2 SSF  Intel-core  i5 -6600 CPU @ 3.30GHz ,8 GB Memory NO HDD.",55.0,29 Dec 2022,https://www.ebay.co.uk/itm/204165120431?hash=item2f893081af%3Ag%3AxXAAAOSwyZdjgoD8&amdata=enc%3AAQAHAAAA0OYgR2iDyDvrs0J7Rf74B9rc3rKmRxNUi0TtI4eUk1RQX6Q7WMjTMW1%2FlWT8Kpk10Zro1mxeDbQXA7TNAlb22mwJtpSqJi0jzP0PzGVsfdj1h0dkcKcfkstQDf9BJFdIOWUUyc%2FOPBFZGL%2FHd8W33nkO9D0SDTIXfEMU2sYFiMClw8yPYoce98%2Bskgxa7A7vLk1q8I%2FAFLdCknXxZdLiFvJ5vf2R6pNTBW4YCbPlWJ4khB5rSwy2s7PBWYnfC0whXYYIhfMvjCbw6XbHNZw9L10%3D%7Ctkp%3ABk9SR_7m34O4YQ&LH_BIN=1&LH_ItemCondition=3000%7C3000
34,Windows 10 HP PC intel Core i5-3470 (4CPUs)@3.20GHz 4GB RAM/250GB HDD+Office2007,59.0,1 Dec 2022,https://www.ebay.co.uk/itm/354321356427?hash=item527f32d68b%3Ag%3AqusAAOSwmSJjOVt1&amdata=enc%3AAQAHAAABEF%2FHiwIfbPzO3B8XOH6mChXBkAUmycukKKuHw0hGGYS%2FwZFt9jKS%2F%2BRY7C7bsR624BgpHbJoWt%2Bpao3VvmD9uXpTouk1%2Bklm5WZrxhAn0rT1Oiaghaps5p%2Bz3jobOQbI5nOHm9QTCUdWfzkT9e6r0gS8ULyjlT7g9sj%2F5YE4kXNfQzYI4w8Ftr4lMLAUeCGDkdUn9PD92tgouu7tBNE1h76jVO0BbX4h3D%2F0G93EOhHUpHBCRzYysCxRIe7DawjwBekSkMz4maJ8D2tdU9483MYBqJeAKH3tivaVEWw4PkvjayVvTvyHN%2BXrppLcsCpd1qy%2FB4Hoy%2F0c6VRZ%2B25jVdM%2B9scr6drdw57e%2FJAWGcRM%7Ctkp%3ABk9SR_rm34O4YQ&LH_BIN=1&LH_ItemCondition=3000%7C3000
51,HP PRO 3500 CORE i5 3470 3.2GHZ 8GB 500GB WINDOWS 10 PC TOWER,59.0,26 Oct 2022,https://www.ebay.co.uk/itm/255668853321?hash=item3b870d1a49%3Ag%3AdHEAAOSwYa9i8nJq&amdata=enc%3AAQAHAAAA0K7FoFdJrot1Zq3E3j1h3CLB9nEX7Wr05yRdHrs8ca5yrigSIdnE0WPWBf6pl%2Bw6J%2F95e1K6SWi8nlZWNNbqt6aPPp5xrTJMZTzJ%2BMoA%2FeEobbeeZk4ee1vci%2FvLE5cUjCQzFQ9Re1vtalmKhBYSuHBk9ihawGZw6yE3gX%2BvbIoUOacBbhl%2Fd8T%2F2KPkChwwgZWrj9jPSijRIhGkbDyHBPszeTKECU618RfIfmBvXjGXv%2FcT7kYVuRjczE0oXduoBMOHVD5u%2Fjg2iC%2BlK6OAGRA%3D%7Ctkp%3ABk9SR_zm34O4YQ&LH_BIN=1&LH_ItemCondition=3000%7C3000
30,HP Pro 3500 Series MT Computer Intel Core i3 CPU 8GB RAM 128GB SSD Win11 B,59.99,2 Dec 2022,https://www.ebay.co.uk/itm/155205702908?hash=item2422fb14fc%3Ag%3Atp0AAOSwTkBjbNPx&amdata=enc%3AAQAHAAABEPWPpXc6ElLbZ2t%2BlLebCvXzKjFFem76B55lgIUn%2BrtbFbl4SdKpKDs8zJQi4Bq5XlmNpAxHlksb4%2F1lqZisQotkuxV2mAOIm2KOoNJcVDsUHQ5X49nliNjw%2BtzAswOVNwsXbBgXyXGf5TamZXIsO3QkOx3vbGMyTqv7yW%2Bc3vvw9ENlmbFC8ToGAYPJghMJASVtzdglQnbS18SaokIykxS8j3N6d5WW7dO2%2F5HClw7dXrnA3bQrnQ1h9iEUvPb6qAxgi9viyQvyfBSbrqNRoap0%2BsK7HbLAct5sX9ROq6hckFRada4u6xQZvt%2FLm0h9Ad%2FEqB9pOqxYgKc6cchNE9BoL5GvpvLv52ktfHpGvvrR%7Ctkp%3ABk9SR_rm34O4YQ&LH_BIN=1&LH_ItemCondition=3000%7C3000
39,Intel I5-6500@3.2ghz 8GB DDR4 RAM Quad Core Motherboard CPU Bundle HP 280 G2,59.99,8 Nov 2022,https://www.ebay.co.uk/itm/144797060502?hash=item21b693cd96%3Ag%3ApYEAAOSw4KdjZmau&amdata=enc%3AAQAHAAAA0Bgvzaji7pNL1gXzJnsA187wlX%2Bgn5537MB1dAXUSTsWybnONPg1SLsS5VYp96ByPOn8%2BaC6Z98LqcPn%2F9FJWxSuCni8twT11PhRzHTMUCa3Ftrrt7GrN97RTwEz%2FedIFizl%2B%2B9Ij6qVHxBBCxe9LI1nvloWMCI%2B4Y4NUzBYMCGaaeGK7ybBwidOrPTcXiMx0k5QcC2FLEeFaGGFH8yIPaXz2LA%2BentTQi4kIQ3US0rSRaoDa3kA6YgNW%2FmbgFnq%2B%2FuJABecddTt%2Ffu4rTYcbnU%3D%7Ctkp%3ABk9SR_rm34O4YQ&LH_BIN=1&LH_ItemCondition=3000%7C3000
14,"HP ProDesk 600 G1  PC, i5-4590 3.20GHz, 8GB RAM, 500GB HDD, Win 10 Pro",59.99,16 Jan 2023,https://www.ebay.co.uk/itm/155280196450?hash=item24276bc362%3Ag%3AubEAAOSwbAljhKRf&amdata=enc%3AAQAHAAABEK8yRKsoTCzCKMZAZWXkjyZoNfuUtRD07abOz0WyON4u9sRZC0398VRtcynaFr1dN2%2BC%2F5L%2FdzeHjACoLCw8icE%2FP6E3HW9YcG2N0Yryfn0v%2FntVbDXK6X2UaEK07Zy9s7bJL2mzeBPQTIwo73X1fuUyLG%2BYWjulkGXwm1L8CtYnTm7rbMVV8MW4aO7SWNjT92wXjcKAlIeL7REtES%2F5mpqK4OyyM0uusyXLd%2Fc7ZOWw6vXgi8EdXk1cW5%2B%2FAxad4SmUbwCEbOdYD3YOj6dN53Cdsx1VGktKb1prKjkcCYRhmNwPTV%2BYNTZh9Kx1raYkRB4VG59fhsuTSJ5LSErZiUuvjMwc5WSlhujUv3JLTIvD%7Ctkp%3ABk9SR_jm34O4YQ&LH_BIN=1&LH_ItemCondition=3000%7C3000
59,HP ProDesk 400 G2 Intel Core i5-4590S 3GHz 8GB Ram 500GB HDD Windows 10 SFF PC,59.99,29 Nov 2022,https://www.ebay.co.uk/itm/195422897389?hash=item2d801cc4ed%3Ag%3A8eAAAOSwPwVjUBgb&amdata=enc%3AAQAHAAAA0AZ8AdW8tvqPNcEj2FA9WzgdzDc14bVNvIzr78ynxHg55FdI5drpBGgEaCWYnso2%2BwifOH18Y%2BJW0AqsqfnG1q8T%2BedjMNftboX9H4ffbh%2F4gSLv2yGwoSrPCRq2%2F26AQP%2BRm9%2BZfBdZK5R%2BBBVFPCoXCQnTrwjCEJjZpof7orGg8mKwWceOBTZimcxn4nwjo%2BNzREiZltMeQ2REJG%2FzJg2sprGnd7%2B%2FU66zBYdi%2B7rNjD5yUDBEpGCeqEBshvuvE47C6YXrYhEk0P0ddJ5AhC8%3D%7Ctkp%3ABk9SR_7m34O4YQ&LH_BIN=1&LH_ItemCondition=3000%7C3000
2,HP Pro 3500 Series MT PC (i5-3470 CPU @ 3.20GHz 8GB RAM 500GB HDD Windows 10),64.99,25 Nov 2022,https://www.ebay.co.uk/itm/175486770807?hash=item28dbd39e77%3Ag%3A6EIAAOSw1U9jb3Ua&amdata=enc%3AAQAHAAAA0I40J4cXKXRodkV9KZRuu7yKDdm0XJ0aHMvfN1ii%2BNVQ2500Cfz%2BCqm1wb5eRSyMLKUv1hkJLXHgslYYNSvC8IsjnngUQwEMFm%2Fz%2BWPwqJwJxmrvV45%2BuBLWcd8LzazciE%2Bxa8YJUig2oxfeUmrPFnr7zVUcyi2LkdfqtJ4VR3h7yErUETl6hKONq6riZi42A2l%2FkslLGBR2XFJD4wnTYlpe7KxcsncPKbc2deJhznCWSYPfyJdNkeQYtw1bffDYvSb9NBSNjqL7b59WsPqz%2BDs%3D%7Ctkp%3ABk9SR_bm34O4YQ&LH_BIN=1&LH_ItemCondition=3000%7C3000
7,DELL/ HP Core i3 i5 Desktop 8GB RAM 1TB HDD SSD TFT LCD PC SET Windows10 WiFi,64.99,14 Jan 2023,https://www.ebay.co.uk/itm/155044874121?hash=item2419650789%3Ag%3AJOQAAOSw2TBisE1U&amdata=enc%3AAQAHAAABEMbNjFiGL6zClQqjuMKBNq5kDVSLoSu1ds9mDaey9vj2ubKWXiUJQHVRMHyoDR9w9o56wMwDw%2F%2FG0Ww%2BzJa%2Bx1A0Oxu318Ba10r0WeEo5iwlAtZk%2F3dwRuPsx25hAajcosGQZW%2BOzyDswRYN%2FjNfbOfiBqDRrd4V%2FUP%2BxQvGqQH025geUWwmNetGArOVfRsoCCJUrmHj4ZpH3GCUbW3578DICrTlTlWChL2p1L2B5ZJUF%2Fjdf8W7FjueEx8GyNh7Z6v9wPYZ8vTwq5lH2GF2VrTM8WHt8CoKmX8Y%2BiFCHrKCS1bGeuNrqDNwwbNUsUc97v5qfxk6pqv%2BaUwdmpJdua2eGHGgJ88BFKX0N4AdTqkU%7Ctkp%3ABk9SR_bm34O4YQ&LH_BIN=1&LH_ItemCondition=3000%7C3000
54,HP ProDesk 600 G1 Intel Core i3 4th Gen. Custom RAM & Storage Windows 10 ProCharity item,64.99,3 Jan 2023,https://www.ebay.co.uk/itm/325066728941?hash=item4baf7ca5ed%3Ag%3AP7EAAOSw3CViLxrQ&amdata=enc%3AAQAHAAABEJ5quRKrkY98l3w3iYVbFaUSCxIc6rUYaslM8ODXLUbOpLAsnM5PQoB65EGwW%2B21GJu46N4r1IKG2lwl3uNzTzVyV47At7l%2BSynJklLxmQDrQYEH4KJ%2B3LlDLjFCMJHIt6xPOAQIeoLEL1E8N7jfga8NKgWAiTZi%2BdMoBL7r8JK4CARUYjvjPavM0QUnGYnw2lk5y98IuqSTxRq2XCU%2BHlvc9SFQVZqcqFEZQsWyuyglKItowK09OdLSGRhEgubFEewj01D5VJuOjneJrsa8%2B5Jzz6Y1zfpz9U95vUnR4hqcA8Okh85aQNQ1VNH4eDywTOJAQFLnkIOxFxnUk9Af0VCW1vEB01So4GYnxuslt2S4%7Ctkp%3ABk9SR_zm34O4YQ&LH_BIN=1&LH_ItemCondition=3000%7C3000
50,HP ProDesk 400 G3 Intel Core i5-6500 3.2GHz 8GB DDR4 RAM 500GB HD Windows 11 Pro,69.99,4 Jan 2023,https://www.ebay.co.uk/itm/185577181348?hash=item2b354310a4%3Ag%3AsOoAAOSw0jxjHzWd&amdata=enc%3AAQAHAAAA0L8vFjKW7VnCtKZJefyA2WwP4b6RaV%2BF0Clm%2BCcJ5MHj2rycqv3FMgth2K6u5xgbQVmknks8%2FMbS%2BDu9mjpmHeRey3C%2F1kcR8%2FOv2wm4EojtUo5Z8McYmCzj3nG8xt6S3vgUwlp9XOY7UrDffao5rMw21K%2BhheBdzypwzRNb2L3hXEGxF%2FTZNaJE9eCCYyXU4zIzM0lRPmiG%2FvwWIVZVKHRIYgCgyhHkFclnIvIOjDWkN3GXh6pFhf6a%2BJg5MSqK5desd5HQ%2FLX1Z06w%2F3VHo2w%3D%7Ctkp%3ABk9SR_zm34O4YQ&LH_BIN=1&LH_ItemCondition=3000%7C3000
49,Lenovo ThinkCentre M93p Intel Core i5 4th Gen 3.20GHz 8GB RAM 500GB HDD,69.99,11 Nov 2022,https://www.ebay.co.uk/itm/295300006876?hash=item44c14083dc%3Ag%3Ay0EAAOSwPgVjWQ2B&amdata=enc%3AAQAHAAAA0CAGzwf1rKQKM2UIkVnacZ0MoD0tPoDXUKzWOBjBC9VmqUEDtSVu7xnQbFkEl%2FAVI5%2BSpoIM8tCEYOy5olI%2BGlLm1FgUfXfgsP5mv5A%2FmTrC7IWOe%2FvLDA7Ot%2Bj9CBhM78raH0CUp5l1tOhvt7siqJCJKM7YzpVvrn1jEIzpBXmNk38Nyw0LL%2FgIvMA%2BwQT7TZcxEdyHVfB8SQzwEHfn5SqcKd%2F90dNCOPbV1kDEl2%2FzAyjPE0iufXYTFc31OXvo%2BMBQHb%2BKhr3UcaUDlpTGCYY%3D%7Ctkp%3ABk9SR_zm34O4YQ&LH_BIN=1&LH_ItemCondition=3000%7C3000
1,Fast CHEAP DELL HP YOGA Core i3/i5 Laptop 32GB 16GB 8GB RAM 500GB 1TB SSD Win 10,69.99,16 Jan 2023,https://www.ebay.co.uk/itm/374417402613?hash=item572d042af5%3Ag%3AuWYAAOSwo-FjoyHY&amdata=enc%3AAQAHAAABELbN4ah3u1%2FA7VY1iUl13cz1waw6qExH57Li%2BGAG%2FMYp4ex%2BKbjGbxbqPzHoLByfSN2U6YK%2BP5EWxSwEjRTPm01eYqO2KYaFigiHwyZHglgvcYBCxx6kM3BggTWzznVncdcQl0iFtpFl89VmNsZvR%2FRp6xI%2FgrYbaCCBPLfV9PL7BBueZSwmmRkDlXfQ7EInxAzJ2nEBDotBsm2JGvQCpHcbyB0%2FsR%2Fl1x4995brHH9ZM9rWtWk%2BnsErEeO5JLNnJX6B8HR3Vh%2FGncAoGgnupt3ETuzFf%2FO0mPUuffH9ZAVobquh0Y%2BqjuA%2BwKYLHHlRdkdqvPjld9cQqu8VrUwgVt3HfA584cCndROrZhzIIK8a%7Ctkp%3ABk9SR_bm34O4YQ&LH_BIN=1&LH_ItemCondition=3000%7C3000
3,HP EliteDesk 800 G2 Desktop Mini PC i5 6th Gen 3.20GHz 8GB RAM 1TB SSD Win 10,69.99,10 Jan 2023,https://www.ebay.co.uk/itm/115445839850?hash=item1ae11bb7ea%3Ag%3A3gEAAOSwO0xiuvhO&amdata=enc%3AAQAHAAAA0IUaZkpyKmie1EGYKn8I%2FSIxACjokzphIkDXfMiWi9DMeI697PO2Vnpwey4PqUW2kAwBmwNaLrWr%2B%2Ft7eZIGfqaxdMnuws3LfII86GwjbkRXN3CpuqvpNqFI1D23JFxd5G9GW8excH7Xg7ljOnREODHemE7bDR3XK5dMkLWG8gjMOur1G%2B5oTcJmnMAqEnTjpvlafZgOJRYdmcYjy7qi171VoDCLk2SFfAjupKwS06gPDGpbrafKRRq%2B2aLMUXZ23nqYpY7BzATcT3zgHVsznZc%3D%7Ctkp%3ABk9SR_bm34O4YQ&LH_BIN=1&LH_ItemCondition=3000%7C3000
36,Dell OptiPlex 3040 Micro Intel Core i5-6500 @ 3.20GHz HDD 500GB 8GB RAM Win 10,69.99,23 Oct 2022,https://www.ebay.co.uk/itm/165703398166?hash=item2694b13316%3Ag%3A0mwAAOSwzxBjHech&amdata=enc%3AAQAHAAAA0Pp8iLf%2BwJfXyhaI%2BfOUQww0r%2BRFPNoeQ3t0G5EhKHGsgY%2FDhWVhC7rPOejx9b6kAYm3IMpGDsmvZRxCrTV6HXtYG5WOZdivw8rAzROZ0gLdtFFtw5HHTVOYClTcb2zvWQVx3LFnw2dRAxs1JxaB8l7KdJqLE9VYLiwT9nBRXEC%2BXQdqiZwQPrenJTLTau2wq2fdWQqRVXKqB8sWPjOOKDzZgU5Aq5otQ0mnJyyS%2F19N8OYlr36nZm9Gqzuh7ZmQxV3xDRG%2B3nTsWZk2iTYuXNA%3D%7Ctkp%3ABk9SR_rm34O4YQ&LH_BIN=1&LH_ItemCondition=3000%7C3000
47,Small Lenovo M90p PC Intel Core i5 3.20GHz 8GB RAM 500GB HDD Windows 11 Computer,69.99,15 Nov 2022,https://www.ebay.co.uk/itm/185526780999?hash=item2b32420447%3Ag%3AcVIAAOSwWy5i7NRw&amdata=enc%3AAQAHAAAA0L%2FYEZOOeC7Arm0yGdP6Qv0TgZ%2FnMLql6yfVVxdsd1yMRc%2FAucRiKMVNwY%2FsvfjgrKcQDBkR0gk3XyXOTV0IQC485JMVXoWnmTe3AIfkrkhRQbCxd%2FFV42fpFZX5LXrgP%2FiMLQZu9du0Z42MeOIr6uUxWLaTH6UmbmJP1g7JEZPkD9%2FdxWG%2B8szMEbTHseEUPSFjT3M3g6KnLbbrvSK6%2B8lcTu7Fc8sX7uhqWZzU%2FO29aRVKv6wFuMzsqAwgCITg40deWScA9Q3d8xtx7ij9DP4%3D%7Ctkp%3ABk9SR_zm34O4YQ&LH_BIN=1&LH_ItemCondition=3000%7C3000
16,"HP Pro 3500 MT (1000GB, Intel Core i5-3470 3.2GHz, 8GB RAM) PC Desktop",70.0,3 Nov 2022,https://www.ebay.co.uk/itm/373975849034?hash=item5712b2984a%3Ag%3ADCsAAOSwIRhiINq7&amdata=enc%3AAQAHAAAA0NmPVYPMLYBIFh8sXmimPx5ca%2BWidtn3F52ovlxUM2w3ukfI1%2Fk47rCqfi5TQ2PqL4pN4WK0iLLdScfIhwUEhf663z9aW9GZ%2BLTbfc6ZEgXXHTXEVY%2FGWB0chjZxhMz14bHhPMTOYStOoFCdm3DZ9MCcQ%2FRseyuF8xu65jvm6ghSy%2BDG3Kjx4vPnZo1TgUAoRT4jrIwshZMCx4Vf9n2lFwGC2FqJv5d%2FIWSkuNIC5s52OfxdPQhHE5FxcQBK4%2Bbcyrn8cev5%2FY%2FcUhDQSfeTqko%3D%7Ctkp%3ABk9SR_jm34O4YQ&LH_BIN=1&LH_ItemCondition=3000%7C3000
42,HP ProDesk 400 G3 Intel Core i5-6500 3.2GHz 8GB DDR4 RAM 500GB HDD Windows 10 UK,74.95,20 Oct 2022,https://www.ebay.co.uk/itm/284867903228?epid=2226681282&hash=item4253733efc%3Ag%3AkOYAAOSwhwditI0V&amdata=enc%3AAQAHAAAA0Ch3B9o7h5z7JFWfJ28SUvpqQr%2F0CYbDifBwC7rIBiM3WpBHj1vKT7gXxnz0Uaalsfo2N7LVS4VEQxA2FTHzYQbYKzT9CxnPANbcbb8i99%2FVPJitrH8i9npQkHCc5fSEV8xJDbFyczmNsKMhY%2FH0Sbv%2F9JOHRPbUbrsBaIblzciNbNw62B%2FcBoRFRJN3LEz%2BefsTqZyGLLzHx22f6%2F%2F6R66%2Bls9N6jN3Kgj5BYnwZJ%2FsMkjh3ZZduaabuqkQE8EPCdB4U0CiUu2qql3k9wVCtMk%3D%7Ctkp%3ABk9SR_zm34O4YQ&LH_BIN=1&LH_ItemCondition=3000%7C3000
12,HP Pro 3500 Series MT Intel Core i5 8GB RAM 240GB SSD Cheap Home Office PC,79.99,22 Nov 2022,https://www.ebay.co.uk/itm/115502784194?hash=item1ae4809ec2%3Ag%3AfTkAAOSwMK1jBM6I&amdata=enc%3AAQAHAAAA0EiJ8PPgZpR9%2BMW4ZluGjAFGZxDkgahkQgE42FHjiXok5aeJhsIJLVBxfFQ2Y88t2lBMh2pZm25Oa5sOfuFMATP%2BpW4gvqK80c8o%2BnQmphQ8D4fBo8UxLFvXFnczl%2BsW3POGW3B6D7WIL6xHEEzGdsIUbXNMJu5NVyK40O1U%2Fmri7ljX7GeAHCz1cjvaKvm7PB0y1QGtlBunYLpUVGEIVDUxP64Hp5%2FrEHe8OoTDJJqY6Hu0LzvFM0iCCwyPAqeNCaHBW2WSxC%2FPPolG8D1bNUw%3D%7Ctkp%3ABk9SR_jm34O4YQ&LH_BIN=1&LH_ItemCondition=3000%7C3000
44,Dell Precision T1650 Intel Core i5-3470 CPU 3.20Ghz 16Gb Ram 500Gb HDD Win 10 ,85.0,26 Oct 2022,https://www.ebay.co.uk/itm/275404484763?hash=item401f62f09b%3Ag%3ArJQAAOSwv-5i4%7Erk&amdata=enc%3AAQAHAAAA0EgmVxIS4KL50fNLkKNpWfEtVpJ43aoivRY9JHK5G0CpXe24iN5KHHHQ2hAi%2BxCtWRyG9lR%2BlKh%2Br9Kv2UxAmcpii0Sfqg%2BkPW2p56TuP74YjwkGF%2FWYKoBAhoFMF%2Ffdhr5YQXusCQ3C2tdsfqLjz43lEdUMdfKSR5v1q4BuGk5S9YVk%2BWApF0C9sIt3ZUrOnf79A5ZbQx5AfhNpnNxSLwR%2FzjlE7gfE6yNx7L3tdoWD%2F9c8H83McZBQwAI5e7b%2Bx0x9lhVUPjkVPDjC2WBI20w%3D%7Ctkp%3ABk9SR_zm34O4YQ&LH_BIN=1&LH_ItemCondition=3000%7C3000
56,Dell OptiPlex 3050 SFF Core i5-6400 3.20GHz 8GB RAM 500GB HDD Windows 10 Pro PC.,89.0,19 Dec 2022,https://www.ebay.co.uk/itm/225305804355?hash=item347545be43%3Ag%3Axv4AAOSww3ljl6c%7E&amdata=enc%3AAQAHAAAA0PqXQPgXM1gqsGbIHeRnluxTzmSzd8RS1adus9xY6fpUNN6z%2BRSNCS8a3v6OvRKVc%2FMR4Q4hp8%2FG8eePNr5wz5wOJpggbFltHf%2FTQu0pL5wT%2Fp%2B4NiOgHNLafY%2Bu2ePOhgTcoMhQbSTRbnHGwKd5e3cuxrKrHLG6IQoq3QA82UqddherG0%2BulbpfnGQwZQogMkd%2BB4%2BO8SfS%2BaSxw%2BkVePMP0raOw2ZDVGtEHtVyYlLuRnFLkP3jpaCiKpOLPSfAihxT6Gbn0xGPHWAFSBx1mF4%3D%7Ctkp%3ABk9SR_7m34O4YQ&LH_BIN=1&LH_ItemCondition=3000%7C3000
33,"Fast CHEAP LAPTOP Intel Core i5 4GB, 8GB, 16GB, 32GB RAM. 1TB, 128GB, 256GB SSD",99.99,27 Dec 2022,https://www.ebay.co.uk/itm/373732036286?hash=item57042a4ebe%3Ag%3ADb4AAOSwQ2djl1-s&amdata=enc%3AAQAHAAABEGSDbztPTYuUTdjHFKFaxhEhDizIiqWOcrEIASotCzJh%2BMpfB%2FDcP4gzVeqKYynis%2BbFpHW7zgjcF6z%2BxKnoWHfXI%2FDSLIbyviV7eBXeXte0ZeOZDski4UILczsAk%2FARvUk12xJWjzpVBpBnuL0WDXnfOWABTOx0K4TvC%2B%2Bb193dvsVP8OWUvgxAOA68UNv%2FuTppqV2kxdJhrTYRInssImF3q5cKm4041jKbwUFT8wQ9PpsrJ2865l5j9go2wAjMiyyZFo3dHntLrSyAUJEjJVwbRnHTeFQ7E8zMHIhOf5YaKe5FUHjrWhtVUSdJgrSwiL8ucE3bvbwC7s0MCzgwSvoLqhKTMxcMJ6ANNxyMwaaj%7Ctkp%3ABk9SR_rm34O4YQ&LH_BIN=1&LH_ItemCondition=3000%7C3000
31,Dell OptiPlex 3040 i5-6500 @ 3.20Ghz 8Gb RAM 1Tb HDD Win7 Pro,100.0,22 Nov 2022,https://www.ebay.co.uk/itm/185373777138?hash=item2b29235cf2%3Ag%3AjVgAAOSwaqxiTIyQ&amdata=enc%3AAQAHAAAA0PMqfD%2F4qBFrvsqRo1Ed%2FTFpVXf7P6pkaRAqs5v%2BlOJ00Wy3x%2BrdvE7Y%2B6qQIGx7kMyRHp6CmyMPJMFlZNK%2B1QkN2US4%2BZnYSj8yNNmwbgXa97oZFU7L15cDAksesPzGqa9i9V7kWbZl%2F7kPdMXqMcre7vYfIaYI02kygjV5rC05ccegTs8MKcvf6Y93UaFv4CdbvbLWLBmKJ4h99S7DM2ir0%2Ft%2BHwcyqLz1fBAms5LUNKL%2FcvyDMsqxZKbOXbHoEDJI%2FoyGtMfKZNpGIRtnwww%3D%7Ctkp%3ABk9SR_rm34O4YQ&LH_BIN=1&LH_ItemCondition=3000%7C3000
5,"HP Elitebook 840 G3 Laptop,Intel Core i5-6300U CPU, 8GB RAM, 480GB SSD, Win10Pro",109.0,25 Dec 2022,https://www.ebay.co.uk/itm/354470945798?hash=item52881d6406%3Ag%3AP3AAAOSwDh5jpKn8&amdata=enc%3AAQAHAAAA0MyQSlXmzS5eso0VagdvtakOlN2VK0SluG1FHxjcNl09Cd1c0yqVFGvzLeWYa8L6GYVTp9w9XP5HMtzb5dV%2FXSZ%2BOt02KkTuDNzhd3iniq2TMM5gPOEkxLWAlSJuT6E2eIK4Ni%2Fh0iQKvbZci6Kp5swGKVaxOIg4RsiJvV5wuBF005JVqKNcR6aKzro9rtMAb3ajKWIpS9rVdnCkZMK4JXLieasPB4eXzMVpj9OLnqZwg7FJUcw9aijSgRqL8pGCYaEeUt%2Fp6A%2Bsn66oOHNB1EE%3D%7Ctkp%3ABk9SR_bm34O4YQ&LH_BIN=1&LH_ItemCondition=3000%7C3000
6,"HP 250 G5 15.6 Inches Intel Core i5 6th Gen 2.3 GHz, 8 GB ram 250gb hdd  win10",110.0,15 Nov 2022,https://www.ebay.co.uk/itm/115601574123?hash=item1aea6408eb%3Ag%3A0oIAAOSwwsNjb7rc&amdata=enc%3AAQAHAAAA0MMAuCDBePevkF2PAGjvQT%2Fb5OhcsmnJM0hxzLzhdyMekR4oMUCr6OHE1PfJEeuiSGnq4tG0533I9dvC27jeg3n2CrTR%2BKTQ42dLyuLDJbEdIHu%2BGfc7udyfRlxlNobhpPnR%2FheukchFe%2FR2A9%2F7LTHyynK3WhWCIE%2FRoX8e64eZh54kWg61J4c71SSmcca76PiWG8%2FuHrNZ8MwwYviQjfbLa%2FM71kKvmQQmyEl4nd12vgOfQPJe8esEwCPgfhuhAKbQiZ3%2FjzHHc%2FMLxPZj1zg%3D%7Ctkp%3ABk9SR_bm34O4YQ&LH_BIN=1&LH_ItemCondition=3000%7C3000
40,HP ProDesk 400 SFF Intel Core i5-6500 CPU @ 3.20GHz 240GB SSD 8GB Windows 11 Pro,114.99,8 Dec 2022,https://www.ebay.co.uk/itm/384490599027?hash=item59856cf273%3Ag%3A21EAAOSwhm9iRwuZ&amdata=enc%3AAQAHAAAA0IoSCpnTt2afCsJ%2F%2FDPpxVA7%2BpMPHzB3JXTR3eSdSTISTXuaPWT5hNiEl%2B6TSv1hOtX99AQWf3kQNeOuMuie7dn98PEdOAcGc6MayEJ6tKN4RZOgp0%2BeweS0opVHLhJgwW%2BqPKDImmqWJLYeegfAzxq398sp%2FnxIX4q5qYtotLJ%2BGZojWYI1b6KI%2Fag9touZKgRU9G6MCrdXeiHXZOfU1IRd%2FNErCcm%2Fzws%2FqRaEj7bs%2FMrQ6MVX31uVERpx1oPHgUTOJ9iNP58VmkybHmaKV1E%3D%7Ctkp%3ABk9SR_zm34O4YQ&LH_BIN=1&LH_ItemCondition=3000%7C3000
55,HP ProDesk 400 G4 SFF PC Intel Core i5-7500 7th Gen 8GB RAM 1TB HDD Win 10 Pro,119.99,8 Jan 2023,https://www.ebay.co.uk/itm/144806400501?hash=item21b72251f5%3Ag%3AgQgAAOSwzphjbmEv&amdata=enc%3AAQAHAAABECv67WKK%2FjnelQwJ8OvLNBc84Zd5CLiDVcaqxQFZlGe7DC4P6In3W9tEymmvOBVceIGRjZ611UKWxpr5g7eJszbwdpYssXvAP9ADh6%2FvlGCYU13bMiYF3SNJAuAz19M%2FoNPYLs97IJJoZJFidKKFdIFfevXAhSINlF2mg%2FQzkjAwjqi55W3sGz3jPCGn6eOLAqrUquKj04IYIB15JSankSnK80vkkdvQo%2BmY0pb%2BtLd0Uks8LUIE0KUt84F5LNL2MbvGLpMkFaegu9%2FlRQuPqEn%2FR6VhDgsHXQMNbbXLsDis0J20yx%2FkvgLqGxyzJS%2FMWaUhUPRjQKCu%2FJtC9cAZ2wzQPZKxfeppvdavkf0opiGN%7Ctkp%3ABk9SR_7m34O4YQ&LH_BIN=1&LH_ItemCondition=3000%7C3000
19,HP Probook 430 G3 - Intel Core i5 6200U/500GB HDD/8GB RAM/Win 10 Pro - Grade B,120.0,16 Jan 2023,https://www.ebay.co.uk/itm/225266770262?hash=item3472f22156%3Ag%3AV%7EwAAOSwfA9jREeL&amdata=enc%3AAQAHAAAA0M1ub1I6ikdGxo7K6WsrAuFxznRiacHiM7rMJg7oEBjNQNEqr3gcPargclACsrDAaBDHv%2Bl9oj4MaRTQhxafhHjykkj33i1k%2BahmXeA%2BAOtGOrUjZiZVjlNA%2BBQor0uQvhArmLbPDxye2v0UpjuPKZktyiZbkrfPbJ%2BJxtMs5HOyakjWwGR3ZBH%2B8RaknMa8wXaJoJHwWXkaquRSxbfS6ZauhzneHwp2JSbQvm42vADddkP6LM8DWho%2Fq8%2BvURo63XRT%2FD5nkyhcpjfKnOCPnPU%3D%7Ctkp%3ABk9SR_jm34O4YQ&LH_BIN=1&LH_ItemCondition=3000%7C3000
38,"HP ProBook 4740s Laptop - Core i5 2.5GHZ  CPU, 8GB RAM, 1TB hdd, Windows 10 Pro",120.0,3 Nov 2022,https://www.ebay.co.uk/itm/385203942770?hash=item59aff1b572%3Ag%3AcHIAAOSw4qpjYnxp&amdata=enc%3AAQAHAAAA0PeLAS0s%2FfzdWZAf5Y8CLwbmaotRZ%2F3ansEADU1dNkgrLzFDfbSgqgFg7UwcNLSI0LU6E6JD9k57H5xw8TvVYj174iQ0de9iKIOWQGMFwpnOdkqS%2Bt7MYPHMLQDQeZfk91VnVmFAL8wg6BzMq0sEEF%2B57NL4kmIf6BKSQCdyVY9zO86imKUm5sRchyBjZUTtCy%2B0z8kG07ef3hiH9Ai8epevnRE4YKLpf9h1q8Nll9QkS0OljUq9JYCj5DiUGFGath%2F6%2BOvi9ePEFw1%2FoHWr7Ts%3D%7Ctkp%3ABk9SR_rm34O4YQ&LH_BIN=1&LH_ItemCondition=3000%7C3000
13,"HP ProBook 4740s 17.3"" Laptop Core i5 3210M @2.5 GHz 8GB RAM 300GB HDD WIN10 PRO",125.0,23 Dec 2022,https://www.ebay.co.uk/itm/325468919447?hash=item4bc7759697%3Ag%3A7cAAAOSwiJtjoEoG&amdata=enc%3AAQAHAAAA0OqDuITomCwL%2FpFI3jDJ2cBC%2Fno%2Bb%2FDYzDKIENKVPbLLm%2FwS262%2Bt3BjBc%2Fr9%2F2%2BBk8dk8mLgI0wJejTM7OYtLpbYAIO3lktCMae3HeZGIY34UVj%2FBSmDWV1ybMb%2B7VkXiCVu5gy6eh6IdQ2TbJzcDcPcNiAeF3X7S7%2FPM1RuZ8hgFEmOxe%2BrLM84E8LkT3KhUVuz%2B%2BoblJaUHGiEDPNSoGOTTHo6iOTeVf6g8NEbJDV9wA3zpYcFVmjTee6o2XC5Q9uI4uztHY0Wvp4F39KbxE%3D%7Ctkp%3ABk9SR_jm34O4YQ&LH_BIN=1&LH_ItemCondition=3000%7C3000
32,"HP 280 G2 MT - Intel Core i5-6500 @ 3.2GHz CPU, 8GB RAM & HDD options 250/500SSD",130.0,29 Dec 2022,https://www.ebay.co.uk/itm/234623879279?hash=item36a0ac486f%3Ag%3AZyEAAOSw1mNi0DMW&amdata=enc%3AAQAHAAABEETwC2GGfh3H3AlGbl9kWuciUqy6O11VdWEZxCbDsjJqp%2FvfNmjfIXA%2BTG51C8a3AyNwtTkYqnlHk4jjYfCzcZ0rN5EsZgIthCPl3tT8JCqIIYSkifxTz6KiGTJ%2BtTx2MDx7H8KelKLky1Jhzqkw%2FR0t7%2B%2FjUPq5iIA0X5sJGfrq5vfjo4kxi1PPS6H7jx6jWa9CUQZx1iit9Ylx2%2Ff3NviBaZ9yD7jmwLq3VKGoYRRCSAnLcVbYUdM6J4ySFsHbIFKacolJTXvHqcn1vmFvvNsK7uv%2BruwQWsRSZQ2enIljRtNm074dvK4U889%2FgxbPfKHN%2FaHo2c%2Fuu1l92k58CKCVNk3%2FAyPRltYpJTXkbVDZ%7Ctkp%3ABk9SR_rm34O4YQ&LH_BIN=1&LH_ItemCondition=3000%7C3000
28,"Apple iMac 21.5"" Intel Core i5 3rd-Gen 2.9GHz 8GB RAM 1TB HDD 2013 Catalina Good",149.0,9 Dec 2022,https://www.ebay.co.uk/itm/185632766963?hash=item2b38933bf3%3Ag%3A8bIAAOSwioVhNedk&amdata=enc%3AAQAHAAAA0H4Nj3RKXiZM4MF0LIPdxgd4KvxusA4XnEN3Lu2fa5nhzOfaQgp9tPg7LTOAzeBle475Yb8GtJNmRLkTFYBKCDF29%2FuY6zjhHw4ni2iMR2XuXGWnrAHOgbTVf3cRNW%2Bdfe%2FclEJjGj5H%2BF%2BBYzb70SbU8oUTdQKM0T%2Bq9qoXhx419fFOPGKf5cKY68I7wb7QmpwVhqMGgDXSq5QatPKrdhFnwkmQI27erGt56ZWs1TjEPRb9jSs5MSeGIN1e9%2Bvr%2FYJCREHG2aUfIuWaWySwfVs%3D%7Ctkp%3ABk9SR_rm34O4YQ&LH_BIN=1&LH_ItemCondition=3000%7C3000
9,"HP Envy 15"" notebook Intel Core i5 with 1.8GHz, 8GB RAM, 128GB SSD, 1TB HDD",150.0,12 Dec 2022,https://www.ebay.co.uk/itm/195481549837?hash=item2d839bbc0d%3Ag%3As0UAAOSw6uBjVVj8&amdata=enc%3AAQAHAAAA0NSP1Ln93cvTfdmH99JRwLQsRBV9x%2F5e0iPbO%2FbcM8c0jjXtcuh2C4mhervNncrTzWETziG2VC9%2FcUwpMtOBt5rMvSp14MtcnYEPZCd3uZpC4GxLChLyAUEv9NgViRSTj7jrjxvWfsOsdrE3RzdiX4GvGFNgOFgIsjc6LwCcnQoMgEDjYeMcxbrrYuRKJnlidD5SNcTFjzlEy3GJzaVhrnHq0fzW%2FfkOhDY1OHvuGsovXJ43hgMqqwk9zn3gX0VULPQOFs4Q%2Fiamsdj%2B1%2FfXvzs%3D%7Ctkp%3ABk9SR_jm34O4YQ&LH_BIN=1&LH_ItemCondition=3000%7C3000
15,HP ProDesk 400 G4 SFF PC 7th Gen i5-7500 @ 3.40GHz 8GB RAM 1TB HDD Win 10 Pro,150.0,14 Dec 2022,https://www.ebay.co.uk/itm/225268178340?hash=item3473079da4%3Ag%3AkjoAAOSw8LRjgNIw&amdata=enc%3AAQAHAAAA0PRv5I8p%2Fe0nXNp5iFR2KJHqi1b0JVwhg7bbC6X1x623ASYN5xU0FDKAHpGlghyLmhngAkJQZxSkSBscg2Lxjw2h6bQE3J2%2FDEtt9mNBdEth17RRrJxeOov9Ee1IsBmSZmKlRF4tfu%2BTnE0M%2BDdXc4ZBp4Cd97rTotIkM3h0zwDLPNg3ktRn09qtx0wDlXh2KYxWQD1zot%2F%2FZjKYXXtWBKFwDbXYOgmorRCAu1Nh78rnzwh%2Fo%2FG8xNCKlv0OuAdF8wu2MYUmGN7C%2Bt%2F1YZAp4%2BY%3D%7Ctkp%3ABk9SR_jm34O4YQ&LH_BIN=1&LH_ItemCondition=3000%7C3000
57,HP Prodesk 400 G6 SFF Intel i5-9500 3Ghz 8GB Ram 240GB SSD+1TB HDD Windows 11,165.0,13 Nov 2022,https://www.ebay.co.uk/itm/304683122962?hash=item46f0878112%3Ag%3AHsgAAOSwsXxjX%7E-3&amdata=enc%3AAQAHAAAA0JhpHPpzbWxN2c4HQn2Hk5O2FOpwUn33wBDe6hsDOUMssF%2FPkibyBUtFfnyj3X0EkSpdK12RH0rWMyCjqgOB8vL5EPJBoPDZzz1SuLgjy4CbtKSx1X37nvHYGuVf%2BhqH9qfTXgq50%2B55YNzGrJHv7o%2F2iTN%2Bu2r6dfNEtpFcWN%2F2xLxG%2BOPQCPNhmZyDcPp61e5XULkS5C%2FMn1KrnLnIZMof8i5siRnC8rHVpsLVwamZItU1oZqm7X%2BNFDsN8kJv6zNwmxhMi7i3yxk7Z3vNrVI%3D%7Ctkp%3ABk9SR_7m34O4YQ&LH_BIN=1&LH_ItemCondition=3000%7C3000
8,"HP ,Intel Core i5 8th Gen., 1.60GHz Turbo 3.6GHz ,8GB Ram,wind 11, 1 Tb",179.0,2 Dec 2022,https://www.ebay.co.uk/itm/125643493815?epid=10034911269&hash=item1d40ef91b7%3Ag%3AlK4AAOSwH19jc98C&amdata=enc%3AAQAHAAAA0FjwJ2xZ0lKqv0CSo0GtOcQiG5b%2FEhPwHbOG2GeRiMmqc%2FCehXabAN8hDFMmkGNGK1aiSo6uk2tprgIxY409DKbvACv3LpjFZEqzWdfqzXPjJAPZ%2FnNd%2BD7uZXfceenjt19HVQRLz51Ze9W0n9p5P5vGu1l4kDg8QqMBpfamF8V7ROJLhDvYYa1Jxdc%2F3cUcdQt2oXo3UvKECUMFIkzV8KPBatQV7aFYMO6xjivVU%2BllCgMLR9VYjQI6bS2hgkKe5MT6exVyosoaWLiwx4YJ8ak%3D%7Ctkp%3ABk9SR_bm34O4YQ&LH_BIN=1&LH_ItemCondition=3000%7C3000
41,Super Fast HP EliteDesk Micro PC  i5 3.60 GHz  8GB RAM 256GB NVMe SSD WiFi,179.0,13 Jan 2023,https://www.ebay.co.uk/itm/255883246269?hash=item3b93d47abd%3Ag%3A%7EBEAAOSwWrFjaXd1&amdata=enc%3AAQAHAAAA0Hs7wSaV4u%2BUAHDsj%2BPO%2BRAhLhnRiLBett4IvPNDI0AjCKO5TAAOvqFmSg%2BRL5SYkgeCDq7R1VQH3tTzNOlss2s5t%2B%2BEAtcTByU3R67iUP8W9EzQ3nIAQ6QlCdtZsZkIQIcnHHRuQIOKRLFqlUU8MaHnjHPhDfOdCiZe9Vufb72ijrKqR9RcIW0F1dTDOqP0HqGLdTyNuszJDC6DkrcZWPYtLpb7FYUFBuGbXKi0RHmTD9OZKQ6rRnXDf2l%2BWiJE8gR9USig2%2BgF4T%2Frry7H6Gg%3D%7Ctkp%3ABk9SR_zm34O4YQ&LH_BIN=1&LH_ItemCondition=3000%7C3000
27,"Apple MacBook Pro 13.3""  Intel Core i5 2.50GHz 8GB RAM 500GB HDD Fast Laptop",185.0,13 Jan 2023,https://www.ebay.co.uk/itm/155343620516?hash=item242b3389a4%3Ag%3AgUMAAOSwzIJjKvEi&amdata=enc%3AAQAHAAABEPoxNM%2F4qwycZQ4SGJmP4%2F0PT1nNL2CFlkv89diQu%2BAoIURrhpQ5OxnA%2BBI%2FLK0m94XVAx2JzOmgx%2BAQr9qRgKh%2B0ypwxuGNWTLUDUOVu4pqlyZ7bWCdqLqfU3Jh3rSosCEz5BmyXBgbxQGbau3BDyZYxw33Tjd%2FivoZCs1NvohQaMOQpibidceCrnN2QcDf1aHA6t46Ai4y3niurdFOYYxMh21L3T%2FBbUFKbOgIlEvEDi9TaDH3GuGV3xsIzz2GYulnOusYzcpej89%2BbFsOfCqt095XlZTvRhTiORtuk9qfQr4dpto1Sdld7WSm9CGInHDuvXn4w6u5aB%2FkRile%2BdYR2JFRL6%2Bc21epNk5IZgu5%7Ctkp%3ABk9SR_rm34O4YQ&LH_BIN=1&LH_ItemCondition=3000%7C3000
24,MacBook Pro 13.3” 2012 – Apple - Core i5 - 2.5ghz - 8GB RAM - 1TB HDD - A1278,185.0,16 Jan 2023,https://www.ebay.co.uk/itm/144075493679?epid=219539800&hash=item218b91912f%3Ag%3AoGIAAOSw0VJjA4te&amdata=enc%3AAQAHAAABELWJRL5FQMIc%2FvrLHOlg6I7n%2FFS98kph0qPVt7xbZxKcvhy%2FazMcSRgS18ewx0wa9Dbt2dX%2FiW%2FETdT14sdQyA7aWEo%2FOvKteQp0mgB%2BWnBaQJbBOeyUbGbVj3aAN%2FALB%2FI1wI9r2OfMhiNEG8OPWWc9d%2B3o7qKR0OqtCdlhFrCLgidB4Za%2BzgRzfIQe8CDlJ5Ii2%2B%2Bom1cDgNKeHtwUNFPpP8uYei40Q9XV4UMYICs%2B%2F2O90xyEWw88vRasuGyNKKzzdOiqlkxHQrUlQb4a9YAkkHTgA4Ig2vUkHCnYrZ5NFWAOPycinBXERH3KVSyqHb5aFgqve22CWeJvNhqMTU4oAjyf%2BXmbfNdUaqtoewNo%7Ctkp%3ABk9SR_jm34O4YQ&LH_BIN=1&LH_ItemCondition=3000%7C3000
