,ConnectedAsset_id,Title,SoldPrice,SoldDate,ListingLink
3,180,"Apple iPad Pro 12.9in 4th Gen 2020 256GB, 4G Unlocked in Perfect Condition CHEAP",699.0,29 Dec 2022,https://www.ebay.co.uk/itm/165821431688?hash=item269bba3f88%3Ag%3AU%7EAAAOSwxl9jkcmC&amdata=enc%3AAQAHAAAAsBkpPVDyvAZao5wdmMlw%2FBKsXTHd5WxuaFAW14oOy1AsNIScfQ0s8aDSWUJf9Nm9VJlMxzejOQb4qJikJ%2F%2BcGLbIqNtM%2FUkjGr8UY4%2FJ7ZQa7ctQCHJ5l6iLuCMLVcFFXCWBJ84G6oKF%2F5u1XcSxsA5kg2MUx4FGygb2kP3tbEr%2BytQ3loa60hs%2FoOiEKU06UHODnFVhdVCmcfsaYOkrcu70eZKmF%2FWYsPKkYPIiyqWd%7Ctkp%3ABk9SR_7Q5P-3YQ&LH_BIN=1&LH_ItemCondition=3000%7C3000
4,180,"Apple iPad Pro 2nd Gen 11"" 2020 - 256GB Silver WiFi & Cellular 4G - Unlocked",579.99,12 Dec 2022,https://www.ebay.co.uk/itm/165533289750?epid=25037464289&hash=item268a8d8d16%3Ag%3AVhQAAOSw4sliqPF8&amdata=enc%3AAQAHAAAA8FIKklpmWOHfUpIipo%2FeF9IUhx05CKIevDcXWOV9nUv5OIUgVQkK8cY%2BTef%2F9JK3vmCa8Dw3hADNys9nvpF7q%2BVJ18dgiggSWpefPt9Etix%2BbDJcXOX%2Fn1ELUHvT4zQO2uaTwXOhiWxHLoTfsi2rUVWc5KtFjw0XrGOWfGInvaR%2BsTNjyHKJ4fN6A%2FjsH2DYKOfoG%2B6lpUvGOwM%2FmH08Y2rLsYyZZGkfeLsttSf9QiK%2Bb5XRv4xTXj22VNBsXl60HKwDxM6HAkPHuGTce5gti5WpyMhgHgG26aiivC6iYY82UmqYNweP6VZDNs1a2eWX3A%3D%3D%7Ctkp%3ABk9SR_7Q5P-3YQ&LH_BIN=1&LH_ItemCondition=3000%7C3000
5,180,"Apple iPad Pro 4th Gen 12.9"" 2020 256GB Space Grey WiFi & Cellular 4G - Unlocked",599.0,16 Nov 2022,https://www.ebay.co.uk/itm/165781688209?epid=11037467756&hash=item26995bcf91%3Ag%3AN5EAAOSwtbdjdOT3&amdata=enc%3AAQAHAAAAsJ9KjSJoJn%2B7LpXaaaiONdnxevK%2BlcV3Ws4iMgjj2WnLSuF%2Fku5piwonbdlKyTtdIZWgiSmUTOy0XPPMVDFGGheyHWpFZAj5gBEja4iz5MgSyqOPbwkHEVTp%2Fer8ygsPUc09dU1ODQ36RaYHH2LQADq2ACUnwppZXPE2NS05ilh4MVGx3CoKoSMS9dKbeW1P%2FA3wmOVSL6E7OIf%2BmaLWN7xl9LKl%2FQQPmDtkyXruey4T%7Ctkp%3ABk9SR_7Q5P-3YQ&LH_BIN=1&LH_ItemCondition=3000%7C3000
6,180,"Apple iPad Pro 4th Gen. 128GB, Wi-Fi, 12.9 in - Silver 2020 Unlocked  MY2J2LL/A",487.47,19 Dec 2022,https://www.ebay.co.uk/itm/255865047323?epid=22037474130&hash=item3b92bec91b%3Ag%3AFYwAAOSwSdRjZ9KG&amdata=enc%3AAQAHAAAAsBBpEJ%2FapdWmlxQODCJZEgGvk30L1tBCZpEfVUiEzEwNVbp0zdI1QFEHbT6IlwcX5gG%2BGhDlkg3XSoL6Ta8NtC0w2YokCgq1n121KbrohIs81YcmkiqZO4yfvahwj1dkv0psk%2FUWUoSMAl%2FthFosLOmraZ94F5Zbs0Ip%2Bddu8%2B2kGDYKK9uhIsjlw7MUlVJP6OIb0x62fJ3fLgZAXxJvAwvKltZlGJ1eiMFuKp%2BDfC2P%7Ctkp%3ABk9SR4bR5P-3YQ&LH_BIN=1&LH_ItemCondition=3000%7C3000
7,180,"Apple iPad Pro 4th Gen. 128GB, Wi-Fi, 12.9 in - Silver 2020 Unlocked  MY2J2LL/A",487.47,5 Dec 2022,https://www.ebay.co.uk/itm/255813801779?epid=22037474130&hash=item3b8fb0d733%3Ag%3AFYwAAOSwSdRjZ9KG&amdata=enc%3AAQAHAAAAsJmJM6%2FWsH5mj3KHcHNlsDeY8EBJeciKwZTNh7b1xO%2FqbB9ZP2qVthynU86IX2zQtwbxLH5ZvdyiS%2BCH28uOMKQZ9HLQVpcdzPkW4FDmjzZOImc0KrzQuD%2FYbgAWH508evQt7zBjig9zqPl6aefCWmsIn0y7UuZFn0T%2Bw0vK5viyWP5ApQjWpEL3ElhFdoc407hOPnThR0MEjCJr7dWvvUXYisbZIBWRoYcEy7Haguwl%7Ctkp%3ABk9SR4bR5P-3YQ&LH_BIN=1&LH_ItemCondition=3000%7C3000
8,180,"2020 12.9"" Apple iPad Pro 4th Gen 256GB Wi-Fi, Space Gray MXAT2LL/A - LE3406-U3",487.46,16 Nov 2022,https://www.ebay.co.uk/itm/225252846724?epid=6037666701&hash=item34721dac84%3Ag%3AtMEAAOSwpZljc7k-&amdata=enc%3AAQAHAAAAsE82ZnXNsDH3vvmAmRjLGL7bbF0BwQBbxfRmCnS7HSgIQA98NQhTh%2B3WG1AQI9efaXbnrTLqYmz%2FNxWN1UMGjcv9rlR9y%2BNRJURtXCyOgyyDIuU8lIDpN7H1LnKsU%2BjvKLVDWL9z1qsrnLS%2BPfkmv%2F81NmHC7p1lQPKjX1GniaBTh2i3XZyoKDgJELZhnKTyzsy%2Bq6rzabzdTXXTdEjSKHW8ceGNR7aMLaeaoV4SJlBu%7Ctkp%3ABk9SR4bR5P-3YQ&LH_BIN=1&LH_ItemCondition=3000%7C3000
9,180,"Apple iPad Pro 11"" 2020 A2068 WiFi Cellular Unlocked 256GB Space Gray w/ extras",466.98,10 Nov 2022,https://www.ebay.co.uk/itm/195436667248?epid=4037466688&hash=item2d80eee170%3Ag%3AbesAAOSwO3FjWfKS&amdata=enc%3AAQAHAAAAsE9bjB9k3E3ou8ND%2FYeYr6ofUuhM%2Bp6Tjx%2BF4VwoY%2F3K0g%2BGbyfFs57chXY%2BVdCxgRRiQY13fAn8A2ow1j96wzihZb%2F3f2aIbqF5mg5PjrWpk7%2BnvJaoY7a%2B%2FVf52sKGe76szhWQPFC51VB06ANlGP9hza%2Fo5gl%2F0cGM8qkW0iG0KOqEVr9ZNwOAPmeKTgkuhKtA%2FjWlZRV6lhRCkYaqY5Ae8QpLqyWls8z5KjsgryYL%7Ctkp%3ABk9SR4bR5P-3YQ&LH_BIN=1&LH_ItemCondition=3000%7C3000
10,180,Apple iPad Pro 2021 3rd Gen M1 11” 256gb & 5G Unlocked Warranty 03.03.23 (3426),699.0,7 Jan 2023,https://www.ebay.co.uk/itm/325447442177?hash=item4bc62ddf01%3Ag%3A1dIAAOSw0Oxjie%7E9&amdata=enc%3AAQAHAAAAsNcV6eD%2B1oeOiErAUROOTbhQqtu6GPBBvEeK5633MQrlGOhiLZtQd3EIHMOx7ySBatqbEMbQwIT9c7bzw0i27yFyJVGiG95WFcE3jar9TknOOoPFjLZYJhELO8n2f5pRCS2n6bHXgtNXYTW1b136pJg3igr98sk5FL7swKE6llzqS1mHXxQpYGzXMgLUMu2er9lFlQMRsrchwjebSOOx7wRq6s1OitEVv4Vf1EUPZU4A%7Ctkp%3ABk9SR_7Q5P-3YQ&LH_BIN=1&LH_ItemCondition=3000%7C3000
11,180,"Apple iPad Pro 2nd Gen (2020). 256GB, Wi-Fi, 11 in - Space Grey - Excellent Con",475.0,15 Jan 2023,https://www.ebay.co.uk/itm/275621193503?epid=12037457346&hash=item402c4da71f%3Ag%3Ao8IAAOSwZ8RjwYq3&amdata=enc%3AAQAHAAAAsFgmoB9l5ndccYDWoC2j1mkj8EF6arC0XfsEJX0aZx5cSyk1jtDP5eXacvYoHJos8YA9Ybj2OhpYaEYhJKe6HF5S0aawH0zXUaEfJmvYADmaD6DYCNYaXCj6NxkqtEPkT8LOBSo3A87HAj3V4GDRdBBbOzZ5mj8z5a5aDmTwEVf2EvTbSpImHanXv7VSOY88d4yU8OhbOXmSj5fBB9AzOhxBKaFRcLW%2FGdPA4FXc4V9J%7Ctkp%3ABk9SR_7Q5P-3YQ&LH_BIN=1&LH_ItemCondition=3000%7C3000
12,180,"Apple iPad Pro 12.9"" 32GB 128GB 256GB WiFi 4G Retina Unlocked iOS 15 READ MAIN",234.99,6 Jan 2023,https://www.ebay.co.uk/itm/185310493589?hash=item2b255dbb95%3Ag%3A9ykAAOSwjRxc0s8A&amdata=enc%3AAQAHAAAA8FywCQV5Lb3%2BOifWjGGt5CCdotVpRLVfZwkcutmIGaldv1aev%2BUyptxGKi5yBXkvwIkjcoUc3etOyvRVGqhuZ3nK6SEMz2T9gJj6FXzyOoMyFlLKFoCCV7ullbIZOZk5KRT2iS2tb68hS%2B%2F%2FsgYSD18UMiUpnU%2FIoyZq2ZLgfLIoRwGqoyXEGsGAMiS3jbxt2znn%2BXkEZdhjEnoPEjBWIuPrSFTFvx2OogTrOksZS2Sfu3LalXvA6wG1HX4tvPU%2Bp1J3dzkpzZgFS9LI3VCa5DS7%2FnWTtwHO248lSTeJEd%2Bxt%2Fzk0b8yZ%2FVgTrEIBXOjmw%3D%3D%7Ctkp%3ABk9SR4DR5P-3YQ&LH_BIN=1&LH_ItemCondition=3000%7C3000
13,180,Apple iPhone 11 Pro Max - 256GB - Space Grey (Unlocked) A2218 (GSM),230.0,9 Jan 2023,https://www.ebay.co.uk/itm/285103462997?epid=14034212889&hash=item42617d9a55%3Ag%3ATr8AAOSw0X5jox0B&amdata=enc%3AAQAHAAAAsD%2FytwT9L8wGw9nXHUngCWNCeyz1db8%2F6EF5RHH%2BtgGgwlkh7KkgDvnSnelIc19vjAzLm97lHV9bm4P7VVWaa%2FCxVkexSss6h5Qmg8TokHOdHpbP6LgdR8KJD3Ew4hLrfpbsEntdQlWvyGn%2FkiMkiG7Pukoamu4AG25T1RD2uBIOEYC0FC5cufII5yMXOs4KFLHFF2dgjyOmqAdEIVVMV2xpxfV5N7K%2B66DhsLDlGscj%7Ctkp%3ABk9SR4DR5P-3YQ&LH_BIN=1&LH_ItemCondition=3000%7C3000
14,180,"Apple iPad Pro 5th Gen 12.9""256GB Wi-Fi/ Unlocked  A2461 - Space Grey #13023502",750.0,9 Jan 2023,https://www.ebay.co.uk/itm/234848432073?epid=27045898992&hash=item36ae0eafc9%3Ag%3A85EAAOSwsWtiK0xP&amdata=enc%3AAQAHAAAAsJkXWcA6xGboQ5z%2Ft4VbR7tgOFqzJNkTa6vQCjNe72EwLL9pI%2FC%2BsWQWvYcu59I3%2FaN2xPjBIA0DVfJnP3QKvgmZEHGF9N6%2BGXbuPLMFzVzJuH1lHISp%2BgEhlXQk18Yx8AHDYc%2BQfdITr%2BuKIN%2FqRBWNE3NDDYswzBvh%2FBcn7kVldR6g8mUvTaI28HIXCvnPoNhnUB5IMIDH6kf6TGVCuniABI6kLHiMrbRRiG2sMT5m%7Ctkp%3ABk9SR4DR5P-3YQ&LH_BIN=1&LH_ItemCondition=3000%7C3000
15,180,Apple iPhone 11 Pro Max - 256GB - Space Grey (Unlocked) A2218 (GSM),350.0,15 Jan 2023,https://www.ebay.co.uk/itm/255915956510?epid=26051551576&hash=item3b95c7991e%3Ag%3A6P0AAOSwYDBjuVxR&amdata=enc%3AAQAHAAAAsCwTWoB7zl3o7cY4TtnR33nU5n2T1qgUB2Gjqu7atr9luXasYlGv6%2FiBS5Jd1cXXownTivEzfLKpBFaAPiP5Fr7AS128YCegQFynHzEiG1uXP3bb1%2FlUonKnugT79qEamMJFJ0ikPuDj8Crn3d6dezy9Fbaydv9P1AJUd%2FK4yxIeqGTrc0fFFTUjoWLr0CTg%2Fjuwcmb283zHJ%2Bacnv84lx0ulm68UhBsEcJ%2Fzva7lArK%7Ctkp%3ABk9SR4DR5P-3YQ&LH_BIN=1&LH_ItemCondition=3000%7C3000
16,180,Apple iPhone 12 Pro Max - 256GB - Graphite (Unlocked) A2411 (CDMA + GSM),350.0,15 Jan 2023,https://www.ebay.co.uk/itm/175573815881?epid=3041720570&hash=item28e103d249%3Ag%3AkP0AAOSwh7djrzh7&amdata=enc%3AAQAHAAAAsNFZXWZxWXg1uorpmWx9m0yHnwgz4IBdMIYoJQ6V%2F1PQ6yPe%2BFqXrNBgw3PMeC7hzAxlV%2F5AUO3Ah4ER6vyNATZt8RPyxtcoW9tb%2Fz7JzbZIzZMpNfwolcQFQsWGj3LebJ71vrKwdrtdVjyk7iXTboXm7vEe%2FXZiWICsbEv8MAn19PEXru5fdoeZjOFaKY7SjjNNHkwG4dZW5mU2O%2FJvqoofq%2B1uOVfzb7IOmNj1Jb2b%7Ctkp%3ABk9SR4DR5P-3YQ&LH_BIN=1&LH_ItemCondition=3000%7C3000
17,180,"Apple iPad Pro 4rd Gen A2232 MXF52 B/A 12.9"" WIFI+4G 256GB Space Gray UNLOCKED",549.99,22 Oct 2022,https://www.ebay.co.uk/itm/225205314068?hash=item346f486214%3Ag%3AANcAAOSwJKBjSUdv&amdata=enc%3AAQAHAAAAsNVH2UdGQV1SnjvUHazYSzipd4239iJgv0WndSVVzkmlN%2FyH4y2eP2UrnJgrAm9UQA7oZ8aqRBiWtEulHL4jUpAAt4%2FqIbrGB%2B67sl1%2B%2FAjGgBO6nZczZHEAcJmdzry3iRcQ0uS2etf5wjhrPEaMKzKmyi%2BMWz1fPe%2Bn0v8lho6tSjJMC%2B3vugxwG1j%2B9mMhyM86OiTLKge%2F6k%2FLklCAxMzZjtwogCCDouYCJ8lZvknk%7Ctkp%3ABk9SR4DR5P-3YQ&LH_BIN=1&LH_ItemCondition=3000%7C3000
18,180,Apple iPhone 13 Pro - 256GB - Sierra Blue (Unlocked),649.99,14 Jan 2023,https://www.ebay.co.uk/itm/394420288559?epid=7049287460&hash=item5bd547fc2f%3Ag%3Am-IAAOSwcDBjwRLb&amdata=enc%3AAQAHAAAAsCq3TKFAOWX%2F3vX7iRMHkOryG8Mdk3N%2B2NqNQD4rCc0cy0caYlvrf8JW4%2FIFKdJxOOZxWGeW0q%2F0%2BMUQPZVrArtAVOk%2BvO98XMj4M6OO9Lxhzqp6YKBe5YTwauKTQNRaCI0b7Hm2FL%2FQ0%2BvltIGA6wzhaLa5mPrI5KL08RMiFnQ%2FlsWaea76M%2B3TXC4yh7u2ktmGBUphQxC1pwxeEeMFmeFxIni6QLNfde6Jc4BL4O1Z%7Ctkp%3ABk9SR4DR5P-3YQ&LH_BIN=1&LH_ItemCondition=3000%7C3000
19,180,Apple IPad Pro 12.9   5th gen 256gb 5G cellular / Wi-Fi M1 Chip In Space Grey,850.0,16 Jan 2023,https://www.ebay.co.uk/itm/354523228896?hash=item528b3b2ae0%3Ag%3AS-0AAOSw229jxE84&amdata=enc%3AAQAHAAAAsHNeanutmb04SZoLC9MxjsQqeSkQwJ4qdXalknFsSiDLhg8%2Bj559RMYSKYue%2BiSZJvDnt%2FEDCRA6r0RIbyaNXoS6CVNhwrxySTbYs3rSUH0plZ6iykqsfjsjrOdwaJwFb%2FKkScQHba4kt8emRqzWgvui759M9lTuHomHm6EZ9tGx7QwFhvvKZBqgr2hFUFVdP2VjniLy3aSyl7B5o9BfsKUgYzQZHK7C29A06SyC57t%2F%7Ctkp%3ABk9SR4DR5P-3YQ&LH_BIN=1&LH_ItemCondition=3000%7C3000
20,180,"Apple iPad Pro 4th Gen 2022. M2 128GB, Wi-Fi + 5G (Unlocked), 11in - Silver",699.0,15 Jan 2023,https://www.ebay.co.uk/itm/374461838428?hash=item572faa345c%3Ag%3A-XgAAOSwdwZjw%7ES9&amdata=enc%3AAQAHAAAAsPJL0HWykXbRd%2Fe84JUpGdKlHyfrk5RxMKiZKsS%2FFT67A%2FWe6RVCLPA1qTVqq8IB8HsuexDmV7SAwvqt2uTwTWglKMp%2FSvyG9DYsc%2Fi%2FYTiZ1AUsQSchV62Pni67vM2gLRIS%2FMgwZQcrdy77vZl4MDdqVf2LujeaCNEX5llntRjiPjmQLeg5Mq%2F%2BFM4kvB3mrfU8%2B48c%2FVkLYPTzllrqxLh4doQKJ9mCniJBd8eJBmfW%7Ctkp%3ABk9SR4DR5P-3YQ&LH_BIN=1&LH_ItemCondition=3000%7C3000
21,180,"Apple iPad Pro 3rd Gen 11"" 2021 M1 256GB Silver WiFi & Cellular 5G Unlocked",749.99,8 Jan 2023,https://www.ebay.co.uk/itm/165521386784?epid=2316954155&hash=item2689d7ed20%3Ag%3A4AUAAOSwp8NinyyS&amdata=enc%3AAQAHAAAA8EmA27GKbk38OMQq9hHYzzJNuquw4R4viSBEk1FZ6q3MQiwvrcJEyqPwsBjcQGXBoxPgFHRN0hZC3GEPLVPRV20C3URY4CE2jFpk2YXKGhSlRDALi3AslAJOQ%2BCHf89Tm81b8xQOwfeLOz%2BGgzBkN%2Fs0qbwtyr04bGm5DF48c6hlipNt%2FIr%2BDLZjOQlmBVTuuyGaElxzHIl2p%2FtXpU%2FK%2BMufeEK9KdFQtc5XcMAzM94So3vgkq8rpffkk0TM7xwH7tku6Bgf76zvqDpjLKhwsmhInvWH0%2FycrZO%2FebLei3W4YPGM7SOtSzosqRiEgIMgLg%3D%3D%7Ctkp%3ABk9SR4DR5P-3YQ&LH_BIN=1&LH_ItemCondition=3000%7C3000
22,180,"apple ipad pro 2020 (12.9inch,wi-fi,256gb) Space Grey",650.0,10 Jan 2023,https://www.ebay.co.uk/itm/134383135620?hash=item1f49dbeb84%3Ag%3AIdIAAOSwx01jUvH%7E&amdata=enc%3AAQAHAAAAsPWnpevI3c%2Bq6TzNBs6GCaDy7ik5tKQC8YvmRmn%2FDKeySpLeNPV3rqv0HPWDlab7%2FC5HhFx%2B%2Fdz700hiQya%2BeVxgt4QV3R9CEmpN4XEoEVq4tAtOcHX7y9FTm3UnqPYSzZX%2BaLEXqfmAX2bPbCUlfBGbaDMptypIv6V7rid8Y9iAsImbcfR%2BYnNDBAwUjhH37MUou3u%2FRFNy3c%2BlIRNZOx76lL2RnbImX%2BWMdtdZ2qE6%7Ctkp%3ABk9SR4DR5P-3YQ&LH_BIN=1&LH_ItemCondition=3000%7C3000
23,180,Apple iPhone 11 Pro - 256GB - Midnight Green (Unlocked) Fantastic Condition,425.0,16 Jan 2023,https://www.ebay.co.uk/itm/165879243453?epid=27034209772&hash=item269f2c62bd%3Ag%3AlJAAAOSwljdjo4s1&amdata=enc%3AAQAHAAAAsLMprFAW3ra813AqPHpgnWW%2FNtDbYQbcqYjWYgYSysI9treAqg12%2FXlVOeC1DSfKmixaCIh5bf2hfDvIrapynIqSLUHvdm4VhppZ7jOqAHKD2OjQCT%2B8hsic%2FBOFTJLtyI3SjX6Ykkv%2F5A4uTtHRAOa9rIkBqP6PaJSlJGBN%2Br7NsIdtXTsRm45mxWaDpA9BdPMj2gHkcgfH%2FZvZnQC%2BEWP661nUo%2FnmApoVoh0PMh0J%7Ctkp%3ABk9SR4DR5P-3YQ&LH_BIN=1&LH_ItemCondition=3000%7C3000
24,180,"Apple iPad Pro 11"" 3rd Gen (A2377) 256GB - Silver, Unlocked, Boxed",595.0,13 Dec 2022,https://www.ebay.co.uk/itm/204185111692?hash=item2f8a618c8c%3Ag%3AT9MAAOSwGfhjmHOn&amdata=enc%3AAQAHAAAAsJYX82TQ3EvdrDjh8Am9l6fr3F3SuPUxX9MXIFfg%2B6T5IrYv7VrgITIJ8NBqDRLOx8ABcixaI1qyma7LdtJweEWWHjc%2BBoiQbBZKwC8SejRQBfSul0uBToel0BmKHy0TeuCqJKdSINphGAIgShX16J7uZJiRjnjP9dyl34uHMk1xnB18go1l7Emn6TuhzN711X95Sfme6ZYibZ%2FX20wpt2qH0YdkB3ZEiXIJrYS0fla1%7Ctkp%3ABk9SR4DR5P-3YQ&LH_BIN=1&LH_ItemCondition=3000%7C3000
25,180,Apple iPad Pro 12.9 inch 5th Gen 256GB Wi-Fi + 5G (Unlocked) Space Grey Latest,895.0,13 Jan 2023,https://www.ebay.co.uk/itm/354513025798?epid=27045898992&hash=item528a9f7b06%3Ag%3A4WgAAOSwwXxjvrr7&amdata=enc%3AAQAHAAAAsPom%2BVbyhS1rQ2c8XVPb6WBxiLtwclDdGTN4HeGbn06pA2gmtcaWk%2BulZmSRwSzB0CQCyK8WhDY8AI9keYe1bUACmXlOmZLTmU7tC8Nomx1sHHdPDOkjEzc0U6ZsLLTpB1YwE9fuxvLDLsG2UWBWgb0vhxssiU7ASOYd7PEIZocGyDZPTwZJUVIfhowl5tNkCDHlJwuV%2FFoj%2BZrHjgYJnD1g5tn3mMC1d6ABFwbUXjkr%7Ctkp%3ABk9SR4DR5P-3YQ&LH_BIN=1&LH_ItemCondition=3000%7C3000
26,180,Apple iPhone 13 Pro Max - 256GB - Alpine Green (Unlocked) - Immaculate Condition,830.0,16 Jan 2023,https://www.ebay.co.uk/itm/175571977618?epid=13052769134&hash=item28e0e7c592%3Ag%3A5R8AAOSwEYBjqbBE&amdata=enc%3AAQAHAAAAsKPZhbv6PyL%2BeYtYcv2GokGHUNvJwOs4IP05wiuFc7gFuVKWTziaB2nV861K9uJ1dZcXQm0tTDij16oDYLShDu%2BJwYv1Z601%2BssEehnje8sg%2FP6tJ34ee0d0shJuJcDzxHqqb6odgbe1xcZvn98baUFKxzjaaXLv2qk83v32ogUrFFc4ftuxSzcyerOfLMfk9cbOhihx%2FRGvQSk0Rhl%2FEJoeHw5m2Zhz5Jo2BSRGSPZk%7Ctkp%3ABk9SR4DR5P-3YQ&LH_BIN=1&LH_ItemCondition=3000%7C3000
27,180,Apple iPhone 14 Pro - 256GB - Deep Purple (Unlocked) and Boxed .Very Little Use.,949.0,15 Jan 2023,https://www.ebay.co.uk/itm/204216249985?epid=5056262880&hash=item2f8c3cae81%3Ag%3AYskAAOSwquhjxBTf&amdata=enc%3AAQAHAAAAsOeT2UIWyrvRMgYqmmrs1dYHxUyTLXE1Oba%2BLh9uHB0Rff%2FqMolburD92tcUBSHv2IiFE6HcGpOQpjY3FID%2BwF%2FkVDA2q%2FrAu0%2BIrGTi%2ByS4ZAKvxGEjX%2BzO8iWdKiMpRQwtkJ1hUuXqpjwCY1IDo1KI38mFW33PDwFMzdg%2FFStMLMfx0rJ8BqJ0ctwA4b7lYagU1TRVLbt183t4Q9GN1YtHmNMn45wIg6UHD%2Bv84R6M%7Ctkp%3ABk9SR4DR5P-3YQ&LH_BIN=1&LH_ItemCondition=3000%7C3000
28,180,"Apple iPad Pro 11"" 3rd Gen (A2459) 256GB - Silver, Unlocked, Boxed",580.0,15 Dec 2022,https://www.ebay.co.uk/itm/394375916743?hash=item5bd2a2ecc7%3Ag%3AlvUAAOSw9xxjl1xq&amdata=enc%3AAQAHAAAAsDJux2nTGiWWawsq6Zv2NlPGXQ6eEhfzjscjFxn1dWGJkq671VZpbHFKLExdt3eYPy5QsFdzbsYDy6HqJy7GOHxkGxfVlYjPZB6JzYOk7uMjXrv4QwH0ztBYaMIXH%2FCmqehwtqSvVgPWyX39rBgaFVQktkY2LqFTbpoGKg5UsMevn5gSfk5Hkwg%2B8lc5Ab0JpQsjkfYxixG3Z5f669EQ4V5YsnGzKv2RGm3kdNk%2FDJmt%7Ctkp%3ABk9SR4DR5P-3YQ&LH_BIN=1&LH_ItemCondition=3000%7C3000
29,180,"Apple iPad Pro 5th Gen A2461 MHR63 B/A M1 12.9"" 256GB WiFi+5G UNLOCKED Grey",699.99,29 Oct 2022,https://www.ebay.co.uk/itm/225209386837?hash=item346f868755%3Ag%3AnpoAAOSw7V1jTTlF&amdata=enc%3AAQAHAAAAsMCaoDtPz8nstrIbKYyI7no2dB%2F74ZH0RMZV0adwFfmDmbdT13b4qAbJ9L2oZ%2BjHTa8JqlZ6NkMCXtNWy2ppMYzDf6dEGhWEdLi%2FJqYmzuwURssiz1gqL8op532W4%2BQtFe4nbFAKSCqcBAxsC8ZY%2Fo4MJLCrJnH8oeU2RSSkB4%2Bhgn3Dhtgbb0N3qF8bxYqfqNV7cZbprcLaTxe0ZW7EDOVGnabvibK2yV%2BbuMdtv60r%7Ctkp%3ABk9SR4DR5P-3YQ&LH_BIN=1&LH_ItemCondition=3000%7C3000
30,180,"Apple iPad Pro 12.9"" 3rd Gen 256GB WiFi+4G A1895 Silver REF - A89",429.99,10 Jan 2023,https://www.ebay.co.uk/itm/275607298713?hash=item402b79a299%3Ag%3ANX8AAOSwdJRjuBpP&amdata=enc%3AAQAHAAAAsGXKauyTH7gM4Dub6d2bmHTvbAf2KcNJklYRZ6L0lyDDgGM5AJyxO6uKmTWVoI9K%2FcWyxQIF5Qu43Rso0fem8YoO2AqUneh41%2Bd%2FRrIuWKX8WnzFSh%2BZBtncDFB9Wz8NyU5XBY4nmSunDMx5YjFJf5JyOvANNDoQI%2Fi0mS0J40%2Fihr8%2F1If97rtPb8oaAsEVfzF%2FzfJhnQ%2BpusV4u3r0AB5qgHdbWdI%2FaTmktuqP%2BkiY%7Ctkp%3ABk9SR4LR5P-3YQ&LH_BIN=1&LH_ItemCondition=3000%7C3000
31,180,"Apple iPad Pro 4rd Gen A2232 MXF52 B/A 12.9"" WIFI+4G 256GB Space Gray UNLOCKED",519.99,31 Oct 2022,https://www.ebay.co.uk/itm/225219583395?hash=item3470221da3%3Ag%3AANcAAOSwJKBjSUdv&amdata=enc%3AAQAHAAAAsDrmsOwvMDJxBdthpO9YuQc3ismCQY6W6XJWkaxCrHdQSIfDrD9lHj7kZR6DUGeMd1Hbd6wcO1UFzR6RKsXliCTaj8RZFu3yZ0LpPCeMfgWRRGvHHssU4A3ZDgGogZBfwo%2FeRr1ZuLW77aBOsZ2iMd7Z5qhSUzTn2vH1pZq6fLwCrmIp20QHMcRjxE8PGf8ybuwmEfrUG%2B6Eaz9UwcwzlunXZHJXHrqaq7M2OANdkt0Y%7Ctkp%3ABk9SR4LR5P-3YQ&LH_BIN=1&LH_ItemCondition=3000%7C3000
32,180,"Apple iPad Pro 2017,  256 GB, Wi-Fi + 4G (Unlocked), 10.5 in - Space Grey",175.0,11 Nov 2022,https://www.ebay.co.uk/itm/275534322404?hash=item4027201ae4%3Ag%3ABvIAAOSw1HdjaTmT&amdata=enc%3AAQAHAAAAsFtMeLnm18kFGRAWV0CLlIREhkkMSmBONpEaIm96DXcUfO8JCInYlZHzK%2FZ8Cm59DwTaSzcFZrXFuvBwgoh%2FUHt0akIQW6BQqcqan6G46gZc9SG1i1G7qUjl7oeoo%2B4q1OmMJRdGfT9MR%2FFkJpYlNFhLgI08%2Fy4kXWbAKUC3eevt8IXEdl%2BFIqzkUY6xxLNcSLtgPNNl8938b%2BV1zdSlUrXtAlWLI72Z8MdNH5U%2FzqHH%7Ctkp%3ABk9SR4LR5P-3YQ&LH_BIN=1&LH_ItemCondition=3000%7C3000
33,180,"Clearance Apple iPad Pro 10.5"" 256GB, Wi-Fi + 4G (Unlocked) -A1709",198.0,28 Nov 2022,https://www.ebay.co.uk/itm/285055590221?hash=item425ea31f4d%3Ag%3A8PwAAOSw7uVjV6FM&amdata=enc%3AAQAHAAAAsM02%2FDS2uOzVMEDQ6qNlPYW%2BqfWTnHisAvz3ejcEr4JN%2BR01dEn%2FsJ5dee2F0oOp92CG%2B454svO3r%2FGFU4MzNrSRXYrwbSvtCN197mG76Og%2FgjlGb492nthol8mgK4B5Jg77xW9RTwLUrM3pHUBeQFITBLVzGddvv7KPvxQ3i4ASeT1yylh1Of1HletF5jPxR1gxIPvb7lU6Y4K4mTQUJoz9vnnwvVeGMMtkjtPpXFVz%7Ctkp%3ABk9SR4LR5P-3YQ&LH_BIN=1&LH_ItemCondition=3000%7C3000
34,180,"Apple iPad Pro 12.9 5th Gen 256GB, Wi-Fi + 5G, Space Grey (Unlocked)",879.99,29 Nov 2022,https://www.ebay.co.uk/itm/125623653481?hash=item1d3fc0d469%3Ag%3AErcAAOSwH0VjhRSy&amdata=enc%3AAQAHAAAAsGjf%2FwWPMDb51srQZAApbUSUCZ47pjs66pHkHXW5gsun2UsLIU6Y7ybQYGe8jBtYTDl8BYMfNFzoYALjaSP4cQIOq7wwPBZzksK%2BQ62ZGauU8Ojb0AsVATRHXWL8wjmBlWvfCs0ZKMoWRN1Yj9avZHww8KhyezKd%2FJgKaGw3KhG9BJL%2FohhL8GgdsEdci1%2FCEsBHh36NpDeNY1bIBKdWUqxzk4QuyVweUCygKrpukdCn%7Ctkp%3ABk9SR4LR5P-3YQ&LH_BIN=1&LH_ItemCondition=3000%7C3000
35,180,"2x Apple iPad Pro 1st Gen. 256GB, Wi-Fi + 4G (Unlocked), 11 in - Space grey",600.0,5 Jan 2023,https://www.ebay.co.uk/itm/144887082851?hash=item21bbf16f63%3Ag%3AMvgAAOSwj4pjtDzp&amdata=enc%3AAQAHAAAAsM9kMrVjMSttMTdsneM%2BNgaytePuKFc2PfSfOhjBhK4G3CkFqr2u66i1EnmHtm6AvVlQLbcOZRFPp6vv0JYU7OKcN%2BYhYY%2F%2F0Svjqtr5slY8iXvQtWWESxFOi4FxaC%2F7QTPD4sH7xuED0u3W%2F%2B1yuNTwixPRi2kHttT88ioRYasamcPsIXd%2F27WaYkm%2FS%2B%2BSn0mLBMxvKsyaJfePeYZIslm0ujAJaGHc0kNpLrIVltg7%7Ctkp%3ABk9SR4LR5P-3YQ&LH_BIN=1&LH_ItemCondition=3000%7C3000
36,180,"Apple iPad Pro 256GB, Wi-Fi + 4G (Unlocked), 10.5 in - Gold A1709",180.0,24 Nov 2022,https://www.ebay.co.uk/itm/255813663503?hash=item3b8faebb0f%3Ag%3APG4AAOSwcFJjZ7h6&amdata=enc%3AAQAHAAAAsH2yK3vMmPjOz3%2FLttx8uLsz%2FzTZXj8k3Nn6aqjBvd0TXwUTa0zkituZZbgpxB9H8PVtJcHj33kgAuCeObkgjN9R28SVclLxJdgxcQ7AcYdxRyswPGOArazanOhB0j28YtHKUt3bj1qufmZo7BYmR32O3xcnRvz7p0Zraec3aqRgKH8Jp7NLR8XldqgJ9xTy5hDelL1cxZ%2BmBb4jRdIOlMikfpGlbklMJ5zmEQGCrepY%7Ctkp%3ABk9SR4LR5P-3YQ&LH_BIN=1&LH_ItemCondition=3000%7C3000
37,180,Apple iPhone 11 Pro Max - 256GB - Midnight Green (Unlocked) - Very Good Condtion,385.0,3 Jan 2023,https://www.ebay.co.uk/itm/185709550212?epid=27034209624&hash=item2b3d26da84%3Ag%3AD-4AAOSwlhxjoMR2&amdata=enc%3AAQAHAAAAsHT96jILjQCYg0cSifkUB7bVKaUuTuJr3%2BWkae8y0HGu8f%2BYtg4xppVDscF5YAVHxRzqdc8DDA2MQz7HwlRBbt6Po5rA7NyVPEbAtRt3dTyUwUFSLHu%2BtAqzoR0vyoZuhBUUFCmyZvBxQRlseCp4TrUnrioblfdeJ%2B7AGJ6jg1GfvVlbbUAgdvdp4ZgqQ%2F0Ub9yF6BTm0%2FtGoLTMfnSlcD%2BYfNxNXMRYfk6TyDwzIpLw%7Ctkp%3ABk9SR4LR5P-3YQ&LH_BIN=1&LH_ItemCondition=3000%7C3000
38,180,Apple iPad Pro 12.9in 3rd Gen. 64/256/512GB + Apple Pencil + Keyboard RRP. £1499,579.95,10 Jan 2023,https://www.ebay.co.uk/itm/275600353547?hash=item402b0fa90b%3Ag%3Ai24AAOSw5mljsGpd&amdata=enc%3AAQAHAAAAsABLff13Tsv3%2B376rSqSQtNBO71eyjeiMKs5E5NU%2BKJ7RvjncSFvuvu1%2BWLTTD1fsrhb49kTuRcttOBmy68gu8t2%2BPhae6lNhDOsWd%2ByPd9WFXsS2X2OBBDgdpSdf%2BPX%2FZZETzBeb51i4nqnTQrL4pvRDDhjfLYdlhL5hcqqZZi%2FkPRR8J%2BpCdr5ZPruDN0D1qaRT%2BfihrDheCGnuEAictDRhOQZV50yjkiHOTvqkIz7%7Ctkp%3ABk9SR4LR5P-3YQ&LH_BIN=1&LH_ItemCondition=3000%7C3000
39,180,"Apple iPad Pro (2nd Generation) 12.9"" A1671 256GB Wi-Fi+4G Unlocked Space Gray",229.99,13 Dec 2022,https://www.ebay.co.uk/itm/364078894289?hash=item54c4cb0cd1%3Ag%3AwksAAOSwVFNjmJAm&amdata=enc%3AAQAHAAAAsHS7n4rzkzNYmrPd%2Bd5NeSeBA%2Bh6xSO8gK9n5%2BehdBcP7sl9tXhb7VIPdfI4Fjn1gpBdLvP2q4UK1gmzhEPY5P02xjJGI1C7q0rDkCqidJtHx%2FkQ8fsajOeDHPhvIgmSww7zn0%2FVeY%2F4FobHd%2FPqUpbVAyp3fLraF0jUCDvRO%2BUhuHZeH2Rumbg1KfiYGBkM86AjuGks8xkGDkqAFo1o6GTyQNozaV15lV5XiiXmplbt%7Ctkp%3ABk9SR4LR5P-3YQ&LH_BIN=1&LH_ItemCondition=3000%7C3000
40,180,"Clearance Apple iPad Pro 10.5"" 256GB, Wi-Fi + 4G (Unlocked) -A1709",188.0,30 Nov 2022,https://www.ebay.co.uk/itm/275560364485?hash=item4028ad79c5%3Ag%3At-gAAOSwXYJjhy85&amdata=enc%3AAQAHAAAAsMshEhlEDrqSvFCuVQHH8rmAibDQHL4r1sz4Ls8GzRQbjP5kJG9CO1sCpuOcbskDpH8481VbcWViZdTHixla4V7MfaTLaoWGPLRVJ6NyE7YgmVuUsTyyKCtNtGadff6nFhFIbR4sQz17hnx7fr3c3z0S5y9t8O%2Bbwi%2FcMEKUFACynQi0A8a%2FY37yUqNfAdx%2F%2BqCQnIE5AmEJpdmuzxi8UGShv5A7J0P9vsgF1Jta3a%2BB%7Ctkp%3ABk9SR4LR5P-3YQ&LH_BIN=1&LH_ItemCondition=3000%7C3000
41,180,"Apple iPad Pro 12.9"" Wi-Fi+Cellular (3rd Gen) 256GB - Space Grey + Keyboard",550.0,1 Jan 2023,https://www.ebay.co.uk/itm/285093072469?hash=item4260df0e55%3Ag%3Ah2cAAOSwC1ljrzoe&amdata=enc%3AAQAHAAAAsCMKeFPsYL8lfHpjno39a1JUo4un18BsytIkdK6NcpoTZvqwJLcrKELMbYvTRS%2BVnDkudshpMv%2BGc6993%2Fc2Zw6v8dHnpTBaekIFNtmXldO28HZlsNAW3k8bnFSpPu%2FnOlZmT7MM8ZDfKUwf3T9fSJkw0InrzPSVtt6s53qVI%2BJu7MD64gQMA5YLMoTwCuToSivxlsj0h87CdExW0ANuq%2FsP3BEDSVTblCAF4UjR9Mky%7Ctkp%3ABk9SR4LR5P-3YQ&LH_BIN=1&LH_ItemCondition=3000%7C3000
42,180,"Apple iPad Pro 1st Gen. 12.9"" 256Gb Wi-Fi +Cellular, Gold - Bundled With Cover",295.0,6 Dec 2022,https://www.ebay.co.uk/itm/285064090083?hash=item425f24d1e3%3Ag%3AgHMAAOSwUOhjh0Gj&amdata=enc%3AAQAHAAAAsBt%2Fhe26SAJlCCZWOSdWSyRGvK8r2zDpqt%2BfEMSW0zsro5RV13XHlSWM8BBn05KDNP2X1oqIi%2BwE6%2F5wIQ5SQYa4aNYgEhinshDevuhSGZ6MY70mEmA5z%2F6Sd3rTOP%2FqsE2QQ2mq2xhDLgM%2FNQGLYZgk2VYAyQ%2FrXFjwK61I3BzUZVsii2uQq152npym%2FGK5uYEEUA1wiGTSGb%2B3U68Tv6UEfCgL4nOEvaC%2Ff1CwL7Gk%7Ctkp%3ABk9SR4LR5P-3YQ&LH_BIN=1&LH_ItemCondition=3000%7C3000
43,180,Apple iPhone 11 Pro - 256GB - Midnight Green (Unlocked),280.0,16 Jan 2023,https://www.ebay.co.uk/itm/354520884595?epid=27034209772&hash=item528b176573%3Ag%3AExsAAOSwFexjw7cG&amdata=enc%3AAQAHAAAAsHNslMTbHEawSMtNyYxGFnQtKjMwwiXwaqADObeyMryX%2B6djfh1NebRKuy5d0zHVUl25dJpXBUebND2ojFstC3SHijwWhkEEvIpUwJEVWhCfXjUSGY0P8QU2Fj%2FBshZ4VdBTYLsESNZ3m8G5NZLhzGT9ABaltloB7DZX4A2EW74FJG7H6EGsT4YpvPI59Hl5gHJ12P38oez6AlKO99qjnuzXWJlw%2B1711oIphUos%2BnqR%7Ctkp%3ABk9SR4LR5P-3YQ&LH_BIN=1&LH_ItemCondition=3000%7C3000
44,180,Apple iPhone 13 Pro Max Alpine Green 256GB (unlocked),800.0,11 Jan 2023,https://www.ebay.co.uk/itm/334694942040?epid=13052769134&hash=item4ded5f8558%3Ag%3A5IYAAOSwBYhjroRb&amdata=enc%3AAQAHAAAAsENVcKmaDl2KEracwcFgkxsNw5SLBL4%2BHoCbLypOOTztyP3Uyo5%2BykYroEjcHZi5hWbXSZJYPEz12X2ceZ9hDfaCi6CO4Kdn0QqPl79u5vmpxEWWohCgnGCx6D%2Ft8jdhOCSS2y7cghYmLmrb507KCIoNqXezeclaB0jaX0Y6h6I6gBJ64p%2FNtCXLk1EEDUegaCvpqQmyb2IQ6Qi5pbyZA4tZrfPX8AzJyMoSbX04P4P3%7Ctkp%3ABk9SR4LR5P-3YQ&LH_BIN=1&LH_ItemCondition=3000%7C3000
45,180,"Apple iPad Pro 5th Gen 256GB, Wi-Fi + 5G (Unlocked), 12.9 in - Silver",829.99,20 Dec 2022,https://www.ebay.co.uk/itm/364084292112?epid=6045916219&hash=item54c51d6a10%3Ag%3Ab%7E4AAOSw7DJjkHsR&amdata=enc%3AAQAHAAAAsOgRKjSXas04V1UwqkpeNIdtxh6EdTkTd0P46nJS%2B2Yrxb8yOF3lMunxTw23dy6l6%2FrKZ1Q0DGT7XJvr1HOl3pVMOXssggH0ixg3gAzmdhhMCX99%2BV%2FTGKT06GbnnC4wqRrGzKpek4SoRs6krpLWss6CVfB8zPesbZnqcQ44lfIkHUVkZ3Vcukxg%2BrxMmnJ5DMSshm3Z8kZddElmkNh0jH8jeVlDgpEy1nUS25U6Cc31%7Ctkp%3ABk9SR4LR5P-3YQ&LH_BIN=1&LH_ItemCondition=3000%7C3000
46,180,Apple iPhone 12 Pro - 256GB - Pacific Blue (Unlocked) A2407 (CDMA + GSM),469.99,8 Jan 2023,https://www.ebay.co.uk/itm/374446815067?epid=15041716748&hash=item572ec4f75b%3Ag%3AhKIAAOSwwY1jpdtX&amdata=enc%3AAQAHAAAAsG2W2moGrIPA8hRJ%2BxAsCbb02cZQgzpDPyabbyKXU1I302wDGT345ERXDGnp5i8rMa1nDOLv%2FpQJIH2mVHfYgBK%2B8Hw43RDngWAnUa5kUEUyJsvFmksiumRirI4ct62mIU91ijPoqOd3Dtdb0WX0nPa6IoLpwPcIw2j9WXXTKE6bO0ug2lNA2T9Ux9DavTm79jYuz5i815y%2BT3UvVR3QvgTMkmfNFRZ44hcRauMXMpxT%7Ctkp%3ABk9SR4TR5P-3YQ&LH_BIN=1&LH_ItemCondition=3000%7C3000
47,180,Apple iPhone 12 Pro - 256GB - Pacific Blue (Unlocked) ☆Excellent Condition☆,469.99,10 Jan 2023,https://www.ebay.co.uk/itm/115665938631?epid=15041716748&hash=item1aee3a28c7%3Ag%3AvcQAAOSweQdjuXc7&amdata=enc%3AAQAHAAAAsBm%2FyVVCzP%2FW6UkrVk66CGSbcBOMrr%2BHVygGj3dFDZbcksO6J3y2XlpiXd5M%2BSAWdGOYikImhyogTwLvIOr404zxeENmT%2FKj4Wz9FCr5Hv8vLRwKfFDs0ECKzHecdtmtJ%2BhDbVmSNEyWV1RfFRfoWbxi4ZgEGGYvKUcchtdAlyMAoyhCP9rkVfWhXhXZv7P4rfNIB2JZT9WNiL3vR0%2Bq6PYyo75XI67f%2F1ZG6%2FXzKPDk%7Ctkp%3ABk9SR4TR5P-3YQ&LH_BIN=1&LH_ItemCondition=3000%7C3000
48,180,Apple iPhone 13 Pro - 256GB - Graphite (Unlocked),599.99,30 Dec 2022,https://www.ebay.co.uk/itm/175554508101?epid=11049276164&hash=item28dfdd3545%3Ag%3AogAAAOSwQv1jgNbC&amdata=enc%3AAQAHAAAAsFXa%2Bn%2FXz5rskfkV1exTX0SPatcMVGzyfgplmaHEqoRKjXA3sIvBo1HdbmsLmdL%2BOKDoe6Aiv53fNHS%2BDWr28LZKhS%2B2bgd%2BQUwak95YLtK%2Fr1pk8dHXoSTFJ2JaXG7%2BiDy1pZcwgPPuK%2Fch880aJNLWZHmD2h5pZ2HPzUBaqPzuB82P0YTBeud8zk0pbZLq1MqLST0jHsGnhwj8MuXychAhZPA%2BEOLB%2B2TRuJ%2F8ngJA%7Ctkp%3ABk9SR4TR5P-3YQ&LH_BIN=1&LH_ItemCondition=3000%7C3000
49,180,Apple iPhone 12 Pro Max - 256GB - Pacific Blue (Unlocked),589.99,26 Dec 2022,https://www.ebay.co.uk/itm/374420327155?epid=17041715571&hash=item572d30caf3%3Ag%3AiJMAAOSwVclipxhi&amdata=enc%3AAQAHAAAAsHX4MctRPnVd1F5RhvGw7AmBmIenBxSS3BNQjwuGRsS780k6wID5fv3vIeqniWi22eOzaQL%2Bb4k4nwWD7KTieW74CMoxNIgRiueAavGTTsKVUnLrr3%2BSi8k8zhETSVniz9pfjOSBzedOr3sY06R9%2FZ2%2F%2BtdqmAXzYtx4Q7W8UXNwkdjrr8TwlIcMg0%2FrfAuGA8qf5rvzyLe0ijz%2FEOUM5ZEjIv751O7B1GpFJOXyAq6t%7Ctkp%3ABk9SR4TR5P-3YQ&LH_BIN=1&LH_ItemCondition=3000%7C3000
50,180,New listingApple iPhone 11 Pro Max - 256GB - Gold (Unlocked) - Faulty - Spares,199.99,16 Jan 2023,https://www.ebay.co.uk/itm/385355929064?epid=23034220841&hash=item59b900d5e8%3Ag%3AzTAAAOSwMu9jxYEt&amdata=enc%3AAQAHAAAAsML5gHE8%2BEUXX4yfL2XH%2FCVd2Zex4Ky%2F7RIzcAezvl5U%2Fyu6tgioqDxqfGpByqAg4jqfRYIkRzEWvMBE%2BdwDO87j6ra2Bn9%2FNckPjXGsmhDqT4aRKaDGQQoEr0jLk%2BB4LY8zy3WhqwkKc7nQ6NhSyMhI1vHONv%2FMIZmJPqejvkUMNHKvh23O8Xi%2BfRjUt71MPrEwtekcI%2BFXOXsmXD2tx%2B8K7tx6FOmqKGIfvXC%2BL%2B9y%7Ctkp%3ABk9SR4TR5P-3YQ&LH_BIN=1&LH_ItemCondition=3000%7C3000
51,180,Apple iPad Pro 11-inch (2nd Gen)WI-FI + Cellular 256GB Unlocked  Space Grey,450.0,4 Nov 2022,https://www.ebay.co.uk/itm/265971688706?hash=item3ded25e502%3Ag%3AJBgAAOSwbmpjZPLd&amdata=enc%3AAQAHAAAAsDo4e%2BTd58JogK5OYuK3j3CcnKvVYSVmaoA7zzPBFI71lKrVMfqpQ%2FqN5l0EdNc69AEoRyZK5ZjX7h6hL9tiDIh1HeWziUfZ5kDSNmCzQy6Uq0%2BhS%2F91nUOxAjbH4LVG%2FgE5c10CN2I6cY4R1fKRo7zcAxzbscCJ3UGhhtHhhS09VQ3pb7wrT%2B84VRN0Md2ptGTX1ThhrCCFgfNM1A2LPzJLvaQUd%2FybUxFmsq%2Bi13Am%7Ctkp%3ABk9SR4TR5P-3YQ&LH_BIN=1&LH_ItemCondition=3000%7C3000
52,180,Apple iPad Pro Grey 2021 5th Gen M1 12.9” 256gb Wi-Fi  Cycle Count 87 (3505),749.0,13 Jan 2023,https://www.ebay.co.uk/itm/225347796502?hash=item3477c67e16%3Ag%3AoFEAAOSwF29jwDFa&amdata=enc%3AAQAHAAAAsKBKWz8By4%2FkDFHR5ZWV4ym1seyoRMTf%2FNc9A7IiCkj%2F%2FcJF%2Bs1zuDRKDO9Z7cL7aK2Uo3NcwtfB%2Fp1r2kLrV5xifpCxqRAOzPSk1lnA29skywMpHwXepV8QSvebG2woh7%2BBIH%2FuEmlLMzKU2v99TtSxztSCFr7fkgDKWwcKED3Q3H88QS4kX%2FzNLnmZK90SlhGprB1B%2Bn9S3lZf%2BEIuwxoz192ABcIAWu09bNmHx5r1%7Ctkp%3ABk9SR4TR5P-3YQ&LH_BIN=1&LH_ItemCondition=3000%7C3000
53,180,Apple iPad Pro 11 (2nd Gen) 256GB Wi-Fi + 4G | Unlocked | Space Grey *,449.0,22 Dec 2022,https://www.ebay.co.uk/itm/325469221205?hash=item4bc77a3155%3Ag%3A240AAOSwWBNjoJmx&amdata=enc%3AAQAHAAAAsPFCGXwxf%2BspqA12LT7OTmoH1tDFzxtCGn8JbSJ0Btzrzisx%2Fb9kuV0JDi4u2sClNIkZh81P4TQEese%2Bxlrfi931ady1AkWg3Q4qRT7Dth0y42Xm87FdUczppEyJwQVkCl%2BBFVO%2BKVYK1BVveJScFbAVHPvAjmqwXNTXEvsxeHOPRIxLhD2FOiDSx8K9JEW2JmVYltRe%2FZHTbq2qHzeONLzVc4wesPbLVWSG0BI4jias%7Ctkp%3ABk9SR4TR5P-3YQ&LH_BIN=1&LH_ItemCondition=3000%7C3000
54,180,Apple iPhone 11 Pro Max - 256GB - Space Grey (Unlocked) A2218 (GSM) - Free Deliv,349.99,18 Dec 2022,https://www.ebay.co.uk/itm/275583035515?epid=14034212889&hash=item402a07687b%3Ag%3A4hgAAOSwYO1jnKXn&amdata=enc%3AAQAHAAAAsEnEL6klBYSWcgBVDyey%2FgWWDLcFsu5BR3aaeUrrLVlhr0Nd%2B3cixhd6VhSldgElytlVV6vzpUNPFUxWP%2BrEANdMf%2BsQtv1LOCJAwm15B5fZelv5vCqHglaR%2B3wUThDztyJ0ujNqs8Buqz%2BRurqpIGEMlcdvoYV8HPQ1paryRbWsW57gTBNu6UjE4U%2FG36kMb5aL3%2F9OqTyUdLGli0ix0qYMijAecYhIzQRgU3bOUeJ0%7Ctkp%3ABk9SR4TR5P-3YQ&LH_BIN=1&LH_ItemCondition=3000%7C3000
55,180,Apple iPhone 11 Pro Max 256GB Space Grey (Unlocked) - Excellent Condition ✨,419.95,14 Dec 2022,https://www.ebay.co.uk/itm/225283326354?hash=item3473eec192%3Ag%3A3d0AAOSwCCVjk4U8&amdata=enc%3AAQAHAAAAsHdD3fUP63IKUiOpd8CZIqgzTusbMbr1wplxVsqtedcZ73xmtrh57kUb3RWiN%2BN7zYjGv3ouoXX9ZAB8awWQunyCF%2ByxAQkvZbHYmIDbtk%2FCATtyPBvjGCUbwYXbG4Fd3CCPOqOtzhw3sl484HCdCQF6XH8qc3gnWFeQSxF54a9ul8EKKjK8dHXKr9%2FtJawP6ps87JsoBv76RKWZ0HmcJL3YiBAYgWWA7rrtUeoS73ph%7Ctkp%3ABk9SR4TR5P-3YQ&LH_BIN=1&LH_ItemCondition=3000%7C3000
56,180,Apple iPhone 13 Pro - Sierra Blue - 256GB  Used (Unlocked),679.99,18 Nov 2022,https://www.ebay.co.uk/itm/374359764490?hash=item572994ae0a%3Ag%3A-XAAAOSwu39jdjQR&amdata=enc%3AAQAHAAAAsC5zO39WLJWuTE0vUE3q%2BSUMsVWQxbk%2FD9VtogVWIO3r2EOKc2O%2FJBDl3eLx%2BuPknp9FVdgynOiupaZJsVoKtYVjy0p80S3Ru2dSGpPHjJlHuUzlqwaVmucwVKUIE8y0B5wtvvdbtgBg5BxdeY5%2BdI0FAiwCH10IXIwym6BUU7STQY6esDm2fcIs%2BQq95It95CYKbDAG6%2F608JJhVZa9r3s47IvjEcOyqdCaPtDn%2BXaE%7Ctkp%3ABk9SR4TR5P-3YQ&LH_BIN=1&LH_ItemCondition=3000%7C3000
57,180,Apple iPhone 14 Pro Max - 256GB - Silver (Unlocked) - Apple Warranty - Fantastic,1199.0,6 Jan 2023,https://www.ebay.co.uk/itm/285095809902?epid=8056260063&hash=item426108d36e%3Ag%3AyRoAAOSw%7Eq1jrgC5&amdata=enc%3AAQAHAAAAsKcTAP0xB%2B5NG%2FVamXkUUxqbcLyVvy68lEh7VJsPtnkct80Qkb7FatZaUcEN2fkJzDfIraHpDsJS2YPMsP63mRA7rYUv%2BGWMvpkzQXzHyu%2FK3XvZkCsGJBBxr0JqFViC4e5SMaZpWMsZ0FyBbXcjnbYKa6iBu2XbP9tvYw6bvcvgmjQ3f8xZI9%2B3WRDUMeR6H8zMn2RxtfenXUyfWv169NAw7GhASlmpa3E2N1%2BgrKa1%7Ctkp%3ABk9SR4TR5P-3YQ&LH_BIN=1&LH_ItemCondition=3000%7C3000
58,180,Apple iPad Pro (2018) | 11 inch | 256GB | WiFi/Cellular (Unlocked),389.0,30 Nov 2022,https://www.ebay.co.uk/itm/125633505854?hash=item1d40572a3e%3Ag%3ANksAAOSwK21jg3z5&amdata=enc%3AAQAHAAAAsPhhTEx68Qxsfl59mAFof85qxszS37NYdyTGsbTKNXC%2Bs%2FdLyd4bTxAbYD%2FgOSOahgzCbzQd1O%2FY%2Ff0ddi8QhoOXW2%2FY7Hjcit47vqcy%2BIMiKb7ym3y%2BogJ%2BgI1Dmg2PEkJI7D4c%2BR8V4CH4Ij8Gaej9q0rvaaMXRAq6gNPT2qeMe%2FB73NAntmxsHQhLwHVBUmykxyZTXg91XNU2GeSviuCs3VEXvOiAJGgNRpJeCuW3%7Ctkp%3ABk9SR4TR5P-3YQ&LH_BIN=1&LH_ItemCondition=3000%7C3000
59,180,"Apple iPad Pro 5th Gen 12.9"" 256GB WiFi + 5G Unlocked Silver WARRANTY Mint",829.0,20 Oct 2022,https://www.ebay.co.uk/itm/125503577163?hash=item1d38989c4b%3Ag%3AxFcAAOSwoNRjGkFo&amdata=enc%3AAQAHAAAAsI1YopyDgOesiOKZEd1TK%2FltyYMJRPwAww7JWOHCmVF6AP2SYrZ%2BlcVpa7YYDLaHImuQxUINBrQdUTHaCCcBoLbmZGSZWMWnpwMiFXsXHRzcBwflaMlZWLhFTHgU3ryjGW%2BA%2Fuvn5btyX9ogchGGqIoH5tI9SnsHgj3wT%2FtldRHDikoUURK9Msnzs%2FT5La6O8bb6blRYmVGbPCF9gMgAzJeaMnCf4x1COlx7I1vRD36J%7Ctkp%3ABk9SR4bR5P-3YQ&LH_BIN=1&LH_ItemCondition=3000%7C3000
60,180,Apple iPhone 12 Pro Max - 256GB - Graphite (Unlocked),579.99,3 Jan 2023,https://www.ebay.co.uk/itm/374433190592?epid=6041725317&hash=item572df512c0%3Ag%3Ae4EAAOSwzJ1jpbtC&amdata=enc%3AAQAHAAAAsNMZ5Azo52QcTNdHLL%2BOJl05eS1ROtuWMANcTBGdTo0DkjnNjJ5aSGtsxBD50cH4Jt3GpHlYye8q3W0wgUwxoEal6apuyHLijx0rTmoXX7kqO7MkewNkmyVUW4DXA%2FUPDuxk79rhw3KRzz%2BUTDISv7FxDy%2FKgqnzCbjtfVRNiGSllv%2BK3eyUcIeM%2BJ%2FiZYvvfM94FJulRv%2B4b7Snh4fUQukRNzkbcsZUhuJvLLaubxBl%7Ctkp%3ABk9SR4bR5P-3YQ&LH_BIN=1&LH_ItemCondition=3000%7C3000
61,180,Apple iPhone 12 Pro 256GB Gold Unlocked READ DESC,350.0,16 Jan 2023,https://www.ebay.co.uk/itm/165869973130?epid=14041711817&hash=item269e9eee8a%3Ag%3Az50AAOSwTZpjtqTc&amdata=enc%3AAQAHAAAAsPOTssW1LTrdQrPtNG8Zf2nsr%2BVxRseCPVR5Y2HTknodvhCfq73YO6LRD%2FkUTmQt25YovtKgHXTL%2BJL5Zp%2Buc10%2Ff98F1pE2qyOm1OwsM5dI3TPiWVyIvsAuSFzMAn%2FRlcPvY4koKhkTj%2FP%2Fk%2FPKqlkfw%2FZnBIm0%2FDtLZamHbYu71J4cBzAMm7y4HKsPjnmJ%2F57yWzI7M5DJ09wrGg4EP%2F%2FdNPBt6G%2Fc3CAg7YasuWIN%7Ctkp%3ABk9SR4bR5P-3YQ&LH_BIN=1&LH_ItemCondition=3000%7C3000
62,180,Apple iPad Pro 12.9 inch (2020) Wi-Fi + 4G 128GB Silver UNLOCKED ,420.0,1 Nov 2022,https://www.ebay.co.uk/itm/125579708074?hash=item1d3d2246aa%3Ag%3AyZcAAOSwXjZjV-af&amdata=enc%3AAQAHAAAAsJByJjVvXz9kRp1IHx52pJtvD39mPZmZSenoEkyrrQvQs%2B37%2F93X3XKdS1BI%2B%2FBte4pKAa9kYln8dLjQsLbTON1AAnAQqBut7cpjNmCS96Cck1zb31hfrV3WdmfURdJfA9WJUtv%2BuRRnsvsnMO9FBV0KmEr%2FJziHuoXQkEkCmuepdC%2F%2BJmyUMgnCVvfBjL0pVxZah28xhpVKxP9hK5iWhBBuzhuoiso6qq3K716ctlVM%7Ctkp%3ABk9SR4bR5P-3YQ&LH_BIN=1&LH_ItemCondition=3000%7C3000
